window_start_utc,window_end_utc,ppa,utc_measurement,utc_arrival,delta_ms,value,flags
2026-02-04 18:57:00.000,2026-02-04 18:57:10.000,2108,2026-02-04 18:57:04.099,2026-02-04 18:57:00.013,-4086.772,60.022178649902344,0
2026-02-04 18:57:00.000,2026-02-04 18:57:10.000,2108,2026-02-04 18:57:04.116,2026-02-04 18:57:00.029,-4087.001,60.026832580566406,0
2026-02-04 18:57:00.000,2026-02-04 18:57:10.000,2108,2026-02-04 18:57:04.133,2026-02-04 18:57:00.046,-4087.097,60.021644592285156,0
2026-02-04 18:57:00.000,2026-02-04 18:57:10.000,2108,2026-02-04 18:57:04.150,2026-02-04 18:57:00.062,-4087.714,60.01593780517578,0
2026-02-04 18:57:00.000,2026-02-04 18:57:10.000,2108,2026-02-04 18:57:04.166,2026-02-04 18:57:00.079,-4087.246,60.018798828125,0
2026-02-04 18:57:00.000,2026-02-04 18:57:10.000,2108,2026-02-04 18:57:04.183,2026-02-04 18:57:00.105,-4077.610,60.02115249633789,0
2026-02-04 18:57:00.000,2026-02-04 18:57:10.000,2108,2026-02-04 18:57:04.200,2026-02-04 18:57:00.119,-4080.751,60.01709747314453,0
2026-02-04 18:57:00.000,2026-02-04 18:57:10.000,2108,2026-02-04 18:57:04.216,2026-02-04 18:57:00.129,-4086.893,60.01361083984375,0
2026-02-04 18:57:00.000,2026-02-04 18:57:10.000,2108,2026-02-04 18:57:04.233,2026-02-04 18:57:00.146,-4086.989,60.015438079833984,0
2026-02-04 18:57:00.000,2026-02-04 18:57:10.000,2108,2026-02-04 18:57:04.250,2026-02-04 18:57:00.162,-4087.621,60.020572662353516,0
2026-02-04 18:57:00.000,2026-02-04 18:57:10.000,2108,2026-02-04 18:57:04.266,2026-02-04 18:57:00.181,-4084.666,60.02497100830078,0
2026-02-04 18:57:00.000,2026-02-04 18:57:10.000,2108,2026-02-04 18:57:04.283,2026-02-04 18:57:00.196,-4087.312,60.02406692504883,0
2026-02-04 18:57:00.000,2026-02-04 18:57:10.000,2108,2026-02-04 18:57:04.300,2026-02-04 18:57:00.212,-4087.023,60.019535064697266,0
2026-02-04 18:57:00.000,2026-02-04 18:57:10.000,2108,2026-02-04 18:57:04.316,2026-02-04 18:57:00.240,-4076.393,60.018619537353516,0
2026-02-04 18:57:00.000,2026-02-04 18:57:10.000,2108,2026-02-04 18:57:04.333,2026-02-04 18:57:00.246,-4087.296,60.01959991455078,0
2026-02-04 18:57:00.000,2026-02-04 18:57:10.000,2108,2026-02-04 18:57:04.350,2026-02-04 18:57:00.262,-4087.876,60.018306732177734,0
2026-02-04 18:57:00.000,2026-02-04 18:57:10.000,2108,2026-02-04 18:57:04.366,2026-02-04 18:57:00.279,-4087.249,60.01417541503906,0
2026-02-04 18:57:00.000,2026-02-04 18:57:10.000,2108,2026-02-04 18:57:04.383,2026-02-04 18:57:00.296,-4087.167,60.01388168334961,0
2026-02-04 18:57:00.000,2026-02-04 18:57:10.000,2108,2026-02-04 18:57:04.400,2026-02-04 18:57:00.312,-4087.737,60.02016067504883,0
2026-02-04 18:57:00.000,2026-02-04 18:57:10.000,2108,2026-02-04 18:57:04.416,2026-02-04 18:57:00.329,-4087.100,60.021976470947266,0
2026-02-04 18:57:00.000,2026-02-04 18:57:10.000,2108,2026-02-04 18:57:04.433,2026-02-04 18:57:00.346,-4087.030,60.01993942260742,0
2026-02-04 18:57:00.000,2026-02-04 18:57:10.000,2108,2026-02-04 18:57:04.450,2026-02-04 18:57:00.362,-4087.263,60.019290924072266,0
2026-02-04 18:57:00.000,2026-02-04 18:57:10.000,2108,2026-02-04 18:57:04.466,2026-02-04 18:57:00.379,-4086.903,60.01830291748047,0
2026-02-04 18:57:00.000,2026-02-04 18:57:10.000,2108,2026-02-04 18:57:04.483,2026-02-04 18:57:00.395,-4087.687,60.01682662963867,0
2026-02-04 18:57:00.000,2026-02-04 18:57:10.000,2108,2026-02-04 18:57:04.499,2026-02-04 18:57:00.412,-4087.336,60.016090393066406,0
2026-02-04 18:57:00.000,2026-02-04 18:57:10.000,2108,2026-02-04 18:57:04.516,2026-02-04 18:57:00.429,-4087.463,60.01546096801758,0
2026-02-04 18:57:00.000,2026-02-04 18:57:10.000,2108,2026-02-04 18:57:04.533,2026-02-04 18:57:00.446,-4086.442,60.01584243774414,0
2026-02-04 18:57:00.000,2026-02-04 18:57:10.000,2108,2026-02-04 18:57:04.550,2026-02-04 18:57:00.462,-4087.653,60.02020263671875,0
2026-02-04 18:57:00.000,2026-02-04 18:57:10.000,2108,2026-02-04 18:57:04.566,2026-02-04 18:57:00.479,-4087.327,60.02457809448242,0
2026-02-04 18:57:00.000,2026-02-04 18:57:10.000,2108,2026-02-04 18:57:04.583,2026-02-04 18:57:00.496,-4087.038,60.022640228271484,0
2026-02-04 18:57:00.000,2026-02-04 18:57:10.000,2108,2026-02-04 18:57:04.600,2026-02-04 18:57:00.512,-4087.570,60.017982482910156,0
2026-02-04 18:57:00.000,2026-02-04 18:57:10.000,2108,2026-02-04 18:57:04.616,2026-02-04 18:57:00.529,-4087.202,60.01900100708008,0
2026-02-04 18:57:00.000,2026-02-04 18:57:10.000,2108,2026-02-04 18:57:04.633,2026-02-04 18:57:00.546,-4087.287,60.019535064697266,0
2026-02-04 18:57:00.000,2026-02-04 18:57:10.000,2108,2026-02-04 18:57:04.650,2026-02-04 18:57:00.562,-4087.416,60.012725830078125,0
2026-02-04 18:57:00.000,2026-02-04 18:57:10.000,2108,2026-02-04 18:57:04.666,2026-02-04 18:57:00.579,-4087.491,60.00846862792969,0
2026-02-04 18:57:00.000,2026-02-04 18:57:10.000,2108,2026-02-04 18:57:04.683,2026-02-04 18:57:00.596,-4087.126,60.011417388916016,0
2026-02-04 18:57:00.000,2026-02-04 18:57:10.000,2108,2026-02-04 18:57:04.700,2026-02-04 18:57:00.612,-4087.405,60.015682220458984,0
2026-02-04 18:57:00.000,2026-02-04 18:57:10.000,2108,2026-02-04 18:57:04.716,2026-02-04 18:57:00.629,-4087.046,60.019935607910156,0
2026-02-04 18:57:00.000,2026-02-04 18:57:10.000,2108,2026-02-04 18:57:04.733,2026-02-04 18:57:00.646,-4087.143,60.0235710144043,0
2026-02-04 18:57:00.000,2026-02-04 18:57:10.000,2108,2026-02-04 18:57:04.750,2026-02-04 18:57:00.662,-4087.441,60.020286560058594,0
2026-02-04 18:57:00.000,2026-02-04 18:57:10.000,2108,2026-02-04 18:57:04.766,2026-02-04 18:57:00.679,-4087.093,60.01310729980469,0
2026-02-04 18:57:00.000,2026-02-04 18:57:10.000,2108,2026-02-04 18:57:04.783,2026-02-04 18:57:00.696,-4087.159,60.01529312133789,0
2026-02-04 18:57:00.000,2026-02-04 18:57:10.000,2108,2026-02-04 18:57:04.800,2026-02-04 18:57:00.712,-4087.492,60.02202606201172,0
2026-02-04 18:57:00.000,2026-02-04 18:57:10.000,2108,2026-02-04 18:57:04.816,2026-02-04 18:57:00.728,-4088.071,60.02006149291992,0
2026-02-04 18:57:00.000,2026-02-04 18:57:10.000,2108,2026-02-04 18:57:04.833,2026-02-04 18:57:00.746,-4086.986,60.01266860961914,0
2026-02-04 18:57:00.000,2026-02-04 18:57:10.000,2108,2026-02-04 18:57:04.850,2026-02-04 18:57:00.762,-4087.306,60.0112419128418,0
2026-02-04 18:57:00.000,2026-02-04 18:57:10.000,2108,2026-02-04 18:57:04.866,2026-02-04 18:57:00.779,-4087.641,60.017452239990234,0
2026-02-04 18:57:00.000,2026-02-04 18:57:10.000,2108,2026-02-04 18:57:04.883,2026-02-04 18:57:00.796,-4087.286,60.02199172973633,0
2026-02-04 18:57:00.000,2026-02-04 18:57:10.000,2108,2026-02-04 18:57:04.899,2026-02-04 18:57:00.812,-4087.900,60.01795196533203,0
2026-02-04 18:57:00.000,2026-02-04 18:57:10.000,2108,2026-02-04 18:57:04.916,2026-02-04 18:57:00.829,-4087.019,60.01026153564453,0
2026-02-04 18:57:00.000,2026-02-04 18:57:10.000,2108,2026-02-04 18:57:04.933,2026-02-04 18:57:00.845,-4087.657,60.01050567626953,0
2026-02-04 18:57:00.000,2026-02-04 18:57:10.000,2108,2026-02-04 18:57:04.950,2026-02-04 18:57:00.862,-4087.642,60.016807556152344,0
2026-02-04 18:57:00.000,2026-02-04 18:57:10.000,2108,2026-02-04 18:57:04.966,2026-02-04 18:57:00.880,-4086.330,60.02045822143555,0
2026-02-04 18:57:00.000,2026-02-04 18:57:10.000,2108,2026-02-04 18:57:04.983,2026-02-04 18:57:00.896,-4086.455,60.0189323425293,0
2026-02-04 18:57:00.000,2026-02-04 18:57:10.000,2108,2026-02-04 18:57:05.000,2026-02-04 18:57:00.912,-4087.033,60.01560974121094,0
2026-02-04 18:57:00.000,2026-02-04 18:57:10.000,2108,2026-02-04 18:57:05.016,2026-02-04 18:57:00.929,-4087.127,60.01479721069336,0
2026-02-04 18:57:00.000,2026-02-04 18:57:10.000,2108,2026-02-04 18:57:05.033,2026-02-04 18:57:00.945,-4087.796,60.01586151123047,0
2026-02-04 18:57:00.000,2026-02-04 18:57:10.000,2108,2026-02-04 18:57:05.050,2026-02-04 18:57:00.962,-4087.648,60.01474380493164,0
2026-02-04 18:57:00.000,2026-02-04 18:57:10.000,2108,2026-02-04 18:57:05.066,2026-02-04 18:57:00.979,-4087.388,60.0140495300293,0
2026-02-04 18:57:00.000,2026-02-04 18:57:10.000,2108,2026-02-04 18:57:05.083,2026-02-04 18:57:00.995,-4087.428,60.016090393066406,0
2026-02-04 18:57:00.000,2026-02-04 18:57:10.000,2108,2026-02-04 18:57:05.100,2026-02-04 18:57:01.013,-4087.004,60.01626205444336,0
2026-02-04 18:57:00.000,2026-02-04 18:57:10.000,2108,2026-02-04 18:57:05.116,2026-02-04 18:57:01.029,-4087.219,60.01620864868164,0
2026-02-04 18:57:00.000,2026-02-04 18:57:10.000,2108,2026-02-04 18:57:05.133,2026-02-04 18:57:01.045,-4087.893,60.015159606933594,0
2026-02-04 18:57:00.000,2026-02-04 18:57:10.000,2108,2026-02-04 18:57:05.150,2026-02-04 18:57:01.062,-4087.041,60.014278411865234,0
2026-02-04 18:57:00.000,2026-02-04 18:57:10.000,2108,2026-02-04 18:57:05.166,2026-02-04 18:57:01.079,-4087.154,60.017642974853516,0
2026-02-04 18:57:00.000,2026-02-04 18:57:10.000,2108,2026-02-04 18:57:05.183,2026-02-04 18:57:01.096,-4087.160,60.01816177368164,0
2026-02-04 18:57:00.000,2026-02-04 18:57:10.000,2108,2026-02-04 18:57:05.200,2026-02-04 18:57:01.112,-4087.760,60.01434326171875,0
2026-02-04 18:57:00.000,2026-02-04 18:57:10.000,2108,2026-02-04 18:57:05.216,2026-02-04 18:57:01.129,-4087.406,60.01292037963867,0
2026-02-04 18:57:00.000,2026-02-04 18:57:10.000,2108,2026-02-04 18:57:05.233,2026-02-04 18:57:01.145,-4087.615,60.01345443725586,0
2026-02-04 18:57:00.000,2026-02-04 18:57:10.000,2108,2026-02-04 18:57:05.250,2026-02-04 18:57:01.164,-4085.775,60.01618957519531,0
2026-02-04 18:57:00.000,2026-02-04 18:57:10.000,2108,2026-02-04 18:57:05.266,2026-02-04 18:57:01.180,-4086.406,60.01911926269531,0
2026-02-04 18:57:00.000,2026-02-04 18:57:10.000,2108,2026-02-04 18:57:05.283,2026-02-04 18:57:01.196,-4087.047,60.0142936706543,0
2026-02-04 18:57:00.000,2026-02-04 18:57:10.000,2108,2026-02-04 18:57:05.299,2026-02-04 18:57:01.212,-4087.375,60.00788497924805,0
2026-02-04 18:57:00.000,2026-02-04 18:57:10.000,2108,2026-02-04 18:57:05.316,2026-02-04 18:57:01.229,-4087.032,60.01273727416992,0
2026-02-04 18:57:00.000,2026-02-04 18:57:10.000,2108,2026-02-04 18:57:05.333,2026-02-04 18:57:01.246,-4087.103,60.020362854003906,0
2026-02-04 18:57:00.000,2026-02-04 18:57:10.000,2108,2026-02-04 18:57:05.350,2026-02-04 18:57:01.262,-4087.689,60.019195556640625,0
2026-02-04 18:57:00.000,2026-02-04 18:57:10.000,2108,2026-02-04 18:57:05.366,2026-02-04 18:57:01.279,-4086.751,60.01270294189453,0
2026-02-04 18:57:00.000,2026-02-04 18:57:10.000,2108,2026-02-04 18:57:05.383,2026-02-04 18:57:01.295,-4087.394,60.00767517089844,0
2026-02-04 18:57:00.000,2026-02-04 18:57:10.000,2108,2026-02-04 18:57:05.400,2026-02-04 18:57:01.312,-4087.006,60.011051177978516,0
2026-02-04 18:57:00.000,2026-02-04 18:57:10.000,2108,2026-02-04 18:57:05.416,2026-02-04 18:57:01.330,-4086.449,60.01659393310547,0
2026-02-04 18:57:00.000,2026-02-04 18:57:10.000,2108,2026-02-04 18:57:05.433,2026-02-04 18:57:01.345,-4087.580,60.0150146484375,0
2026-02-04 18:57:00.000,2026-02-04 18:57:10.000,2108,2026-02-04 18:57:05.450,2026-02-04 18:57:01.362,-4087.643,60.0109977722168,0
2026-02-04 18:57:00.000,2026-02-04 18:57:10.000,2108,2026-02-04 18:57:05.466,2026-02-04 18:57:01.379,-4087.647,60.01047897338867,0
2026-02-04 18:57:00.000,2026-02-04 18:57:10.000,2108,2026-02-04 18:57:05.483,2026-02-04 18:57:01.395,-4087.417,60.01364517211914,0
2026-02-04 18:57:00.000,2026-02-04 18:57:10.000,2108,2026-02-04 18:57:05.500,2026-02-04 18:57:01.413,-4087.006,60.01775360107422,0
2026-02-04 18:57:00.000,2026-02-04 18:57:10.000,2108,2026-02-04 18:57:05.516,2026-02-04 18:57:01.429,-4087.665,60.01641845703125,0
2026-02-04 18:57:00.000,2026-02-04 18:57:10.000,2108,2026-02-04 18:57:05.533,2026-02-04 18:57:01.446,-4087.111,60.01100540161133,0
2026-02-04 18:57:00.000,2026-02-04 18:57:10.000,2108,2026-02-04 18:57:05.550,2026-02-04 18:57:01.462,-4087.743,60.011714935302734,0
2026-02-04 18:57:00.000,2026-02-04 18:57:10.000,2108,2026-02-04 18:57:05.566,2026-02-04 18:57:01.583,-3982.786,60.01386260986328,0
2026-02-04 18:57:00.000,2026-02-04 18:57:10.000,2108,2026-02-04 18:57:05.583,2026-02-04 18:57:01.586,-3996.392,60.01176452636719,0
2026-02-04 18:57:00.000,2026-02-04 18:57:10.000,2108,2026-02-04 18:57:05.600,2026-02-04 18:57:01.589,-4010.056,60.0109977722168,0
2026-02-04 18:57:00.000,2026-02-04 18:57:10.000,2108,2026-02-04 18:57:05.616,2026-02-04 18:57:01.590,-4025.719,60.013240814208984,0
2026-02-04 18:57:00.000,2026-02-04 18:57:10.000,2108,2026-02-04 18:57:05.633,2026-02-04 18:57:01.590,-4042.383,60.01578140258789,0
2026-02-04 18:57:00.000,2026-02-04 18:57:10.000,2108,2026-02-04 18:57:05.650,2026-02-04 18:57:01.590,-4059.055,60.0152473449707,0
2026-02-04 18:57:00.000,2026-02-04 18:57:10.000,2108,2026-02-04 18:57:05.666,2026-02-04 18:57:01.590,-4075.719,60.011817932128906,0
2026-02-04 18:57:00.000,2026-02-04 18:57:10.000,2108,2026-02-04 18:57:05.683,2026-02-04 18:57:01.598,-4084.864,60.00893783569336,0
2026-02-04 18:57:00.000,2026-02-04 18:57:10.000,2108,2026-02-04 18:57:05.699,2026-02-04 18:57:01.611,-4088.016,60.01042938232422,0
2026-02-04 18:57:00.000,2026-02-04 18:57:10.000,2108,2026-02-04 18:57:05.716,2026-02-04 18:57:01.629,-4087.282,60.01449966430664,0
2026-02-04 18:57:00.000,2026-02-04 18:57:10.000,2108,2026-02-04 18:57:05.733,2026-02-04 18:57:01.646,-4087.317,60.016441345214844,0
2026-02-04 18:57:00.000,2026-02-04 18:57:10.000,2108,2026-02-04 18:57:05.750,2026-02-04 18:57:01.663,-4086.944,60.01412582397461,0
2026-02-04 18:57:00.000,2026-02-04 18:57:10.000,2108,2026-02-04 18:57:05.766,2026-02-04 18:57:01.679,-4087.587,60.00987243652344,0
2026-02-04 18:57:00.000,2026-02-04 18:57:10.000,2108,2026-02-04 18:57:05.783,2026-02-04 18:57:01.695,-4087.402,60.0107307434082,0
2026-02-04 18:57:00.000,2026-02-04 18:57:10.000,2108,2026-02-04 18:57:05.800,2026-02-04 18:57:01.712,-4087.934,60.01290512084961,0
2026-02-04 18:57:00.000,2026-02-04 18:57:10.000,2108,2026-02-04 18:57:05.816,2026-02-04 18:57:01.729,-4087.571,60.011837005615234,0
2026-02-04 18:57:00.000,2026-02-04 18:57:10.000,2108,2026-02-04 18:57:05.833,2026-02-04 18:57:01.746,-4086.969,60.012264251708984,0
2026-02-04 18:57:00.000,2026-02-04 18:57:10.000,2108,2026-02-04 18:57:05.850,2026-02-04 18:57:01.762,-4087.130,60.014801025390625,0
2026-02-04 18:57:00.000,2026-02-04 18:57:10.000,2108,2026-02-04 18:57:05.866,2026-02-04 18:57:01.779,-4087.250,60.01287078857422,0
2026-02-04 18:57:00.000,2026-02-04 18:57:10.000,2108,2026-02-04 18:57:05.883,2026-02-04 18:57:01.796,-4087.101,60.00869369506836,0
2026-02-04 18:57:00.000,2026-02-04 18:57:10.000,2108,2026-02-04 18:57:05.900,2026-02-04 18:57:01.812,-4087.412,60.01133346557617,0
2026-02-04 18:57:00.000,2026-02-04 18:57:10.000,2108,2026-02-04 18:57:05.916,2026-02-04 18:57:01.829,-4087.056,60.013458251953125,0
2026-02-04 18:57:00.000,2026-02-04 18:57:10.000,2108,2026-02-04 18:57:05.933,2026-02-04 18:57:01.845,-4087.903,60.01167297363281,0
2026-02-04 18:57:00.000,2026-02-04 18:57:10.000,2108,2026-02-04 18:57:05.950,2026-02-04 18:57:01.862,-4087.059,60.01128387451172,0
2026-02-04 18:57:00.000,2026-02-04 18:57:10.000,2108,2026-02-04 18:57:05.966,2026-02-04 18:57:01.878,-4087.708,60.01213836669922,0
2026-02-04 18:57:00.000,2026-02-04 18:57:10.000,2108,2026-02-04 18:57:05.983,2026-02-04 18:57:01.896,-4087.219,60.00960922241211,0
2026-02-04 18:57:00.000,2026-02-04 18:57:10.000,2108,2026-02-04 18:57:06.000,2026-02-04 18:57:01.912,-4087.816,60.00569152832031,0
2026-02-04 18:57:00.000,2026-02-04 18:57:10.000,2108,2026-02-04 18:57:06.016,2026-02-04 18:57:01.929,-4087.147,60.01000213623047,0
2026-02-04 18:57:00.000,2026-02-04 18:57:10.000,2108,2026-02-04 18:57:06.033,2026-02-04 18:57:01.946,-4087.239,60.016624450683594,0
2026-02-04 18:57:00.000,2026-02-04 18:57:10.000,2108,2026-02-04 18:57:06.050,2026-02-04 18:57:01.963,-4086.240,60.014739990234375,0
2026-02-04 18:57:00.000,2026-02-04 18:57:10.000,2108,2026-02-04 18:57:06.066,2026-02-04 18:57:01.979,-4087.057,60.00804138183594,0
2026-02-04 18:57:00.000,2026-02-04 18:57:10.000,2108,2026-02-04 18:57:06.083,2026-02-04 18:57:01.995,-4087.698,60.007747650146484,0
2026-02-04 18:57:00.000,2026-02-04 18:57:10.000,2108,2026-02-04 18:57:06.099,2026-02-04 18:57:02.013,-4086.846,60.01231002807617,0
2026-02-04 18:57:00.000,2026-02-04 18:57:10.000,2108,2026-02-04 18:57:06.116,2026-02-04 18:57:02.028,-4087.747,60.012332916259766,0
2026-02-04 18:57:00.000,2026-02-04 18:57:10.000,2108,2026-02-04 18:57:06.133,2026-02-04 18:57:02.045,-4087.389,60.010597229003906,0
2026-02-04 18:57:00.000,2026-02-04 18:57:10.000,2108,2026-02-04 18:57:06.150,2026-02-04 18:57:02.061,-4088.002,60.01005172729492,0
2026-02-04 18:57:00.000,2026-02-04 18:57:10.000,2108,2026-02-04 18:57:06.166,2026-02-04 18:57:02.078,-4088.040,60.00823211669922,0
2026-02-04 18:57:00.000,2026-02-04 18:57:10.000,2108,2026-02-04 18:57:06.183,2026-02-04 18:57:02.095,-4087.604,60.00848388671875,0
2026-02-04 18:57:00.000,2026-02-04 18:57:10.000,2108,2026-02-04 18:57:06.200,2026-02-04 18:57:02.112,-4087.756,60.01161575317383,0
2026-02-04 18:57:00.000,2026-02-04 18:57:10.000,2108,2026-02-04 18:57:06.216,2026-02-04 18:57:02.128,-4087.719,60.01130676269531,0
2026-02-04 18:57:00.000,2026-02-04 18:57:10.000,2108,2026-02-04 18:57:06.233,2026-02-04 18:57:02.146,-4086.805,60.00768280029297,0
2026-02-04 18:57:00.000,2026-02-04 18:57:10.000,2108,2026-02-04 18:57:06.250,2026-02-04 18:57:02.163,-4086.963,60.0091552734375,0
2026-02-04 18:57:00.000,2026-02-04 18:57:10.000,2108,2026-02-04 18:57:06.266,2026-02-04 18:57:02.179,-4087.355,60.01333236694336,0
2026-02-04 18:57:00.000,2026-02-04 18:57:10.000,2108,2026-02-04 18:57:06.283,2026-02-04 18:57:02.196,-4087.287,60.01120376586914,0
2026-02-04 18:57:00.000,2026-02-04 18:57:10.000,2108,2026-02-04 18:57:06.300,2026-02-04 18:57:02.212,-4087.675,60.006919860839844,0
2026-02-04 18:57:00.000,2026-02-04 18:57:10.000,2108,2026-02-04 18:57:06.316,2026-02-04 18:57:02.228,-4087.767,60.00782012939453,0
2026-02-04 18:57:00.000,2026-02-04 18:57:10.000,2108,2026-02-04 18:57:06.333,2026-02-04 18:57:02.246,-4087.011,60.01020812988281,0
2026-02-04 18:57:00.000,2026-02-04 18:57:10.000,2108,2026-02-04 18:57:06.350,2026-02-04 18:57:02.262,-4087.806,60.00901412963867,0
2026-02-04 18:57:00.000,2026-02-04 18:57:10.000,2108,2026-02-04 18:57:06.366,2026-02-04 18:57:02.279,-4087.455,60.006954193115234,0
2026-02-04 18:57:00.000,2026-02-04 18:57:10.000,2108,2026-02-04 18:57:06.383,2026-02-04 18:57:02.295,-4087.411,60.00835418701172,0
2026-02-04 18:57:00.000,2026-02-04 18:57:10.000,2108,2026-02-04 18:57:06.400,2026-02-04 18:57:02.312,-4087.606,60.01093673706055,0
2026-02-04 18:57:00.000,2026-02-04 18:57:10.000,2108,2026-02-04 18:57:06.416,2026-02-04 18:57:02.328,-4087.703,60.0110969543457,0
2026-02-04 18:57:00.000,2026-02-04 18:57:10.000,2108,2026-02-04 18:57:06.433,2026-02-04 18:57:02.346,-4087.277,60.01078414916992,0
2026-02-04 18:57:00.000,2026-02-04 18:57:10.000,2108,2026-02-04 18:57:06.450,2026-02-04 18:57:02.363,-4086.857,60.00743865966797,0
2026-02-04 18:57:00.000,2026-02-04 18:57:10.000,2108,2026-02-04 18:57:06.466,2026-02-04 18:57:02.378,-4087.720,60.004478454589844,0
2026-02-04 18:57:00.000,2026-02-04 18:57:10.000,2108,2026-02-04 18:57:06.483,2026-02-04 18:57:02.395,-4087.365,60.00703811645508,0
2026-02-04 18:57:00.000,2026-02-04 18:57:10.000,2108,2026-02-04 18:57:06.499,2026-02-04 18:57:02.413,-4086.972,60.008968353271484,0
2026-02-04 18:57:00.000,2026-02-04 18:57:10.000,2108,2026-02-04 18:57:06.516,2026-02-04 18:57:02.430,-4086.484,60.0089225769043,0
2026-02-04 18:57:00.000,2026-02-04 18:57:10.000,2108,2026-02-04 18:57:06.533,2026-02-04 18:57:02.445,-4087.379,60.00801467895508,0
2026-02-04 18:57:00.000,2026-02-04 18:57:10.000,2108,2026-02-04 18:57:06.550,2026-02-04 18:57:02.462,-4087.479,60.00730895996094,0
2026-02-04 18:57:00.000,2026-02-04 18:57:10.000,2108,2026-02-04 18:57:06.566,2026-02-04 18:57:02.479,-4087.121,60.01069641113281,0
2026-02-04 18:57:00.000,2026-02-04 18:57:10.000,2108,2026-02-04 18:57:06.583,2026-02-04 18:57:02.495,-4087.756,60.012264251708984,0
2026-02-04 18:57:00.000,2026-02-04 18:57:10.000,2108,2026-02-04 18:57:06.600,2026-02-04 18:57:02.512,-4087.361,60.006614685058594,0
2026-02-04 18:57:00.000,2026-02-04 18:57:10.000,2108,2026-02-04 18:57:06.616,2026-02-04 18:57:02.528,-4088.215,60.00459289550781,0
2026-02-04 18:57:00.000,2026-02-04 18:57:10.000,2108,2026-02-04 18:57:06.633,2026-02-04 18:57:02.546,-4087.193,60.0090217590332,0
2026-02-04 18:57:00.000,2026-02-04 18:57:10.000,2108,2026-02-04 18:57:06.650,2026-02-04 18:57:02.562,-4087.281,60.01056671142578,0
2026-02-04 18:57:00.000,2026-02-04 18:57:10.000,2108,2026-02-04 18:57:06.666,2026-02-04 18:57:02.579,-4087.348,60.00921630859375,0
2026-02-04 18:57:00.000,2026-02-04 18:57:10.000,2108,2026-02-04 18:57:06.683,2026-02-04 18:57:02.595,-4087.430,60.00514602661133,0
2026-02-04 18:57:00.000,2026-02-04 18:57:10.000,2108,2026-02-04 18:57:06.700,2026-02-04 18:57:02.611,-4088.049,60.004112243652344,0
2026-02-04 18:57:00.000,2026-02-04 18:57:10.000,2108,2026-02-04 18:57:06.716,2026-02-04 18:57:02.629,-4087.096,60.01054382324219,0
2026-02-04 18:57:00.000,2026-02-04 18:57:10.000,2108,2026-02-04 18:57:06.733,2026-02-04 18:57:02.646,-4087.225,60.011680603027344,0
2026-02-04 18:57:00.000,2026-02-04 18:57:10.000,2108,2026-02-04 18:57:06.750,2026-02-04 18:57:02.662,-4087.323,60.005859375,0
2026-02-04 18:57:00.000,2026-02-04 18:57:10.000,2108,2026-02-04 18:57:06.766,2026-02-04 18:57:02.679,-4087.184,60.003047943115234,0
2026-02-04 18:57:00.000,2026-02-04 18:57:10.000,2108,2026-02-04 18:57:06.783,2026-02-04 18:57:02.695,-4087.821,60.00614547729492,0
2026-02-04 18:57:00.000,2026-02-04 18:57:10.000,2108,2026-02-04 18:57:06.800,2026-02-04 18:57:02.713,-4086.979,60.01151657104492,0
2026-02-04 18:57:00.000,2026-02-04 18:57:10.000,2108,2026-02-04 18:57:06.816,2026-02-04 18:57:02.731,-4085.618,60.011451721191406,0
2026-02-04 18:57:00.000,2026-02-04 18:57:10.000,2108,2026-02-04 18:57:06.833,2026-02-04 18:57:02.745,-4087.384,60.00587463378906,0
2026-02-04 18:57:00.000,2026-02-04 18:57:10.000,2108,2026-02-04 18:57:06.850,2026-02-04 18:57:02.762,-4087.008,60.0068473815918,0
2026-02-04 18:57:00.000,2026-02-04 18:57:10.000,2108,2026-02-04 18:57:06.866,2026-02-04 18:57:02.779,-4087.329,60.012428283691406,0
2026-02-04 18:57:00.000,2026-02-04 18:57:10.000,2108,2026-02-04 18:57:06.883,2026-02-04 18:57:02.796,-4087.209,60.011295318603516,0
2026-02-04 18:57:00.000,2026-02-04 18:57:10.000,2108,2026-02-04 18:57:06.899,2026-02-04 18:57:02.812,-4087.750,60.00961685180664,0
2026-02-04 18:57:00.000,2026-02-04 18:57:10.000,2108,2026-02-04 18:57:06.916,2026-02-04 18:57:02.828,-4087.682,60.00908660888672,0
2026-02-04 18:57:00.000,2026-02-04 18:57:10.000,2108,2026-02-04 18:57:06.933,2026-02-04 18:57:02.846,-4087.123,60.006370544433594,0
2026-02-04 18:57:00.000,2026-02-04 18:57:10.000,2108,2026-02-04 18:57:06.950,2026-02-04 18:57:02.863,-4086.759,60.00508117675781,0
2026-02-04 18:57:00.000,2026-02-04 18:57:10.000,2108,2026-02-04 18:57:06.966,2026-02-04 18:57:02.879,-4086.805,60.004905700683594,0
2026-02-04 18:57:00.000,2026-02-04 18:57:10.000,2108,2026-02-04 18:57:06.983,2026-02-04 18:57:02.896,-4087.258,60.003875732421875,0
2026-02-04 18:57:00.000,2026-02-04 18:57:10.000,2108,2026-02-04 18:57:07.000,2026-02-04 18:57:02.912,-4087.571,60.006202697753906,0
2026-02-04 18:57:00.000,2026-02-04 18:57:10.000,2108,2026-02-04 18:57:07.016,2026-02-04 18:57:02.929,-4087.214,60.01082992553711,0
2026-02-04 18:57:00.000,2026-02-04 18:57:10.000,2108,2026-02-04 18:57:07.033,2026-02-04 18:57:02.946,-4087.184,60.009944915771484,0
2026-02-04 18:57:00.000,2026-02-04 18:57:10.000,2108,2026-02-04 18:57:07.050,2026-02-04 18:57:02.962,-4087.836,60.006980895996094,0
2026-02-04 18:57:00.000,2026-02-04 18:57:10.000,2108,2026-02-04 18:57:07.066,2026-02-04 18:57:02.979,-4087.538,60.006317138671875,0
2026-02-04 18:57:00.000,2026-02-04 18:57:10.000,2108,2026-02-04 18:57:07.083,2026-02-04 18:57:02.995,-4087.904,60.007747650146484,0
2026-02-04 18:57:00.000,2026-02-04 18:57:10.000,2108,2026-02-04 18:57:07.100,2026-02-04 18:57:03.012,-4087.882,60.009159088134766,0
2026-02-04 18:57:00.000,2026-02-04 18:57:10.000,2108,2026-02-04 18:57:07.116,2026-02-04 18:57:03.028,-4087.744,60.01005172729492,0
2026-02-04 18:57:00.000,2026-02-04 18:57:10.000,2108,2026-02-04 18:57:07.133,2026-02-04 18:57:03.045,-4087.838,60.009891510009766,0
2026-02-04 18:57:00.000,2026-02-04 18:57:10.000,2108,2026-02-04 18:57:07.150,2026-02-04 18:57:03.062,-4087.733,60.00459671020508,0
2026-02-04 18:57:00.000,2026-02-04 18:57:10.000,2108,2026-02-04 18:57:07.166,2026-02-04 18:57:03.079,-4087.375,60.00447463989258,0
2026-02-04 18:57:00.000,2026-02-04 18:57:10.000,2108,2026-02-04 18:57:07.183,2026-02-04 18:57:03.095,-4087.468,60.010711669921875,0
2026-02-04 18:57:00.000,2026-02-04 18:57:10.000,2108,2026-02-04 18:57:07.200,2026-02-04 18:57:03.112,-4087.612,60.00825881958008,0
2026-02-04 18:57:00.000,2026-02-04 18:57:10.000,2108,2026-02-04 18:57:07.216,2026-02-04 18:57:03.128,-4087.723,60.0019645690918,0
2026-02-04 18:57:00.000,2026-02-04 18:57:10.000,2108,2026-02-04 18:57:07.233,2026-02-04 18:57:03.145,-4087.363,60.0023193359375,0
2026-02-04 18:57:00.000,2026-02-04 18:57:10.000,2108,2026-02-04 18:57:07.250,2026-02-04 18:57:03.162,-4087.568,60.008628845214844,0
2026-02-04 18:57:00.000,2026-02-04 18:57:10.000,2108,2026-02-04 18:57:07.266,2026-02-04 18:57:03.179,-4087.111,60.01249313354492,0
2026-02-04 18:57:00.000,2026-02-04 18:57:10.000,2108,2026-02-04 18:57:07.283,2026-02-04 18:57:03.195,-4087.752,60.008567810058594,0
2026-02-04 18:57:00.000,2026-02-04 18:57:10.000,2108,2026-02-04 18:57:07.299,2026-02-04 18:57:03.213,-4086.908,60.00333023071289,0
2026-02-04 18:57:00.000,2026-02-04 18:57:10.000,2108,2026-02-04 18:57:07.316,2026-02-04 18:57:03.229,-4087.596,60.004268646240234,0
2026-02-04 18:57:00.000,2026-02-04 18:57:10.000,2108,2026-02-04 18:57:07.333,2026-02-04 18:57:03.246,-4087.241,60.007896423339844,0
2026-02-04 18:57:00.000,2026-02-04 18:57:10.000,2108,2026-02-04 18:57:07.350,2026-02-04 18:57:03.262,-4087.333,60.007484436035156,0
2026-02-04 18:57:00.000,2026-02-04 18:57:10.000,2108,2026-02-04 18:57:07.366,2026-02-04 18:57:03.279,-4087.513,60.0050163269043,0
2026-02-04 18:57:00.000,2026-02-04 18:57:10.000,2108,2026-02-04 18:57:07.383,2026-02-04 18:57:03.295,-4087.872,60.00472640991211,0
2026-02-04 18:57:00.000,2026-02-04 18:57:10.000,2108,2026-02-04 18:57:07.400,2026-02-04 18:57:03.313,-4086.940,60.00687789916992,0
2026-02-04 18:57:00.000,2026-02-04 18:57:10.000,2108,2026-02-04 18:57:07.416,2026-02-04 18:57:03.329,-4087.012,60.00621032714844,0
2026-02-04 18:57:00.000,2026-02-04 18:57:10.000,2108,2026-02-04 18:57:07.433,2026-02-04 18:57:03.346,-4086.802,60.005287170410156,0
2026-02-04 18:57:00.000,2026-02-04 18:57:10.000,2108,2026-02-04 18:57:07.450,2026-02-04 18:57:03.362,-4087.443,60.00642776489258,0
2026-02-04 18:57:00.000,2026-02-04 18:57:10.000,2108,2026-02-04 18:57:07.466,2026-02-04 18:57:03.379,-4087.079,60.00493240356445,0
2026-02-04 18:57:00.000,2026-02-04 18:57:10.000,2108,2026-02-04 18:57:07.483,2026-02-04 18:57:03.395,-4087.721,60.00526428222656,0
2026-02-04 18:57:00.000,2026-02-04 18:57:10.000,2108,2026-02-04 18:57:07.500,2026-02-04 18:57:03.412,-4087.380,60.00836944580078,0
2026-02-04 18:57:00.000,2026-02-04 18:57:10.000,2108,2026-02-04 18:57:07.516,2026-02-04 18:57:03.429,-4086.906,60.0079231262207,0
2026-02-04 18:57:00.000,2026-02-04 18:57:10.000,2108,2026-02-04 18:57:07.533,2026-02-04 18:57:03.446,-4087.024,60.00535202026367,0
2026-02-04 18:57:00.000,2026-02-04 18:57:10.000,2108,2026-02-04 18:57:07.550,2026-02-04 18:57:03.462,-4087.970,60.00722885131836,0
2026-02-04 18:57:00.000,2026-02-04 18:57:10.000,2108,2026-02-04 18:57:07.566,2026-02-04 18:57:03.479,-4087.396,60.00939178466797,0
2026-02-04 18:57:00.000,2026-02-04 18:57:10.000,2108,2026-02-04 18:57:07.583,2026-02-04 18:57:03.496,-4087.038,60.006900787353516,0
2026-02-04 18:57:00.000,2026-02-04 18:57:10.000,2108,2026-02-04 18:57:07.600,2026-02-04 18:57:03.512,-4087.583,60.005348205566406,0
2026-02-04 18:57:00.000,2026-02-04 18:57:10.000,2108,2026-02-04 18:57:07.616,2026-02-04 18:57:03.528,-4087.738,60.00349044799805,0
2026-02-04 18:57:00.000,2026-02-04 18:57:10.000,2108,2026-02-04 18:57:07.633,2026-02-04 18:57:03.545,-4087.338,60.000640869140625,0
2026-02-04 18:57:00.000,2026-02-04 18:57:10.000,2108,2026-02-04 18:57:07.650,2026-02-04 18:57:03.562,-4087.816,60.004024505615234,0
2026-02-04 18:57:00.000,2026-02-04 18:57:10.000,2108,2026-02-04 18:57:07.666,2026-02-04 18:57:03.579,-4087.423,60.00879669189453,0
2026-02-04 18:57:00.000,2026-02-04 18:57:10.000,2108,2026-02-04 18:57:07.683,2026-02-04 18:57:03.596,-4087.068,60.005855560302734,0
2026-02-04 18:57:00.000,2026-02-04 18:57:10.000,2108,2026-02-04 18:57:07.699,2026-02-04 18:57:03.612,-4087.560,60.004581451416016,0
2026-02-04 18:57:00.000,2026-02-04 18:57:10.000,2108,2026-02-04 18:57:07.716,2026-02-04 18:57:03.628,-4087.682,60.010047912597656,0
2026-02-04 18:57:00.000,2026-02-04 18:57:10.000,2108,2026-02-04 18:57:07.733,2026-02-04 18:57:03.646,-4087.326,60.00961685180664,0
2026-02-04 18:57:00.000,2026-02-04 18:57:10.000,2108,2026-02-04 18:57:07.750,2026-02-04 18:57:03.662,-4087.046,60.00377655029297,0
2026-02-04 18:57:00.000,2026-02-04 18:57:10.000,2108,2026-02-04 18:57:07.766,2026-02-04 18:57:03.678,-4087.692,60.000511169433594,0
2026-02-04 18:57:00.000,2026-02-04 18:57:10.000,2108,2026-02-04 18:57:07.783,2026-02-04 18:57:03.695,-4087.401,60.0030632019043,0
2026-02-04 18:57:00.000,2026-02-04 18:57:10.000,2108,2026-02-04 18:57:07.800,2026-02-04 18:57:03.712,-4087.551,60.007869720458984,0
2026-02-04 18:57:00.000,2026-02-04 18:57:10.000,2108,2026-02-04 18:57:07.816,2026-02-04 18:57:03.739,-4077.466,60.0073127746582,0
2026-02-04 18:57:00.000,2026-02-04 18:57:10.000,2108,2026-02-04 18:57:07.833,2026-02-04 18:57:03.746,-4086.920,60.0040397644043,0
2026-02-04 18:57:00.000,2026-02-04 18:57:10.000,2108,2026-02-04 18:57:07.850,2026-02-04 18:57:03.762,-4087.035,60.00343704223633,0
2026-02-04 18:57:00.000,2026-02-04 18:57:10.000,2108,2026-02-04 18:57:07.866,2026-02-04 18:57:03.779,-4086.987,60.006832122802734,0
2026-02-04 18:57:00.000,2026-02-04 18:57:10.000,2108,2026-02-04 18:57:07.883,2026-02-04 18:57:03.796,-4086.996,60.00925827026367,0
2026-02-04 18:57:00.000,2026-02-04 18:57:10.000,2108,2026-02-04 18:57:07.900,2026-02-04 18:57:03.812,-4087.168,60.006629943847656,0
2026-02-04 18:57:00.000,2026-02-04 18:57:10.000,2108,2026-02-04 18:57:07.916,2026-02-04 18:57:03.829,-4087.054,60.0005989074707,0
2026-02-04 18:57:00.000,2026-02-04 18:57:10.000,2108,2026-02-04 18:57:07.933,2026-02-04 18:57:03.850,-4083.135,60.001380920410156,0
2026-02-04 18:57:00.000,2026-02-04 18:57:10.000,2108,2026-02-04 18:57:07.950,2026-02-04 18:57:03.863,-4086.779,60.00933837890625,0
2026-02-04 18:57:00.000,2026-02-04 18:57:10.000,2108,2026-02-04 18:57:07.966,2026-02-04 18:57:03.883,-4083.468,60.00813293457031,0
2026-02-04 18:57:00.000,2026-02-04 18:57:10.000,2108,2026-02-04 18:57:07.983,2026-02-04 18:57:03.896,-4087.109,60.00266647338867,0
2026-02-04 18:57:00.000,2026-02-04 18:57:10.000,2108,2026-02-04 18:57:08.000,2026-02-04 18:57:03.912,-4087.261,60.000694274902344,0
2026-02-04 18:57:00.000,2026-02-04 18:57:10.000,2108,2026-02-04 18:57:08.016,2026-02-04 18:57:03.928,-4087.906,60.00074768066406,0
2026-02-04 18:57:00.000,2026-02-04 18:57:10.000,2108,2026-02-04 18:57:08.033,2026-02-04 18:57:03.945,-4087.541,60.00670623779297,0
2026-02-04 18:57:00.000,2026-02-04 18:57:10.000,2108,2026-02-04 18:57:08.050,2026-02-04 18:57:03.962,-4087.648,60.01132583618164,0
2026-02-04 18:57:00.000,2026-02-04 18:57:10.000,2108,2026-02-04 18:57:08.066,2026-02-04 18:57:03.982,-4083.820,60.00749588012695,0
2026-02-04 18:57:00.000,2026-02-04 18:57:10.000,2108,2026-02-04 18:57:08.083,2026-02-04 18:57:03.995,-4087.464,60.002872467041016,0
2026-02-04 18:57:00.000,2026-02-04 18:57:10.000,2108,2026-02-04 18:57:08.099,2026-02-04 18:57:04.012,-4087.636,60.00230407714844,0
2026-02-04 18:57:00.000,2026-02-04 18:57:10.000,2108,2026-02-04 18:57:08.116,2026-02-04 18:57:04.029,-4087.291,60.004005432128906,0
2026-02-04 18:57:00.000,2026-02-04 18:57:10.000,2108,2026-02-04 18:57:08.133,2026-02-04 18:57:04.046,-4087.199,60.00678253173828,0
2026-02-04 18:57:00.000,2026-02-04 18:57:10.000,2108,2026-02-04 18:57:08.150,2026-02-04 18:57:04.062,-4087.289,60.00498580932617,0
2026-02-04 18:57:00.000,2026-02-04 18:57:10.000,2108,2026-02-04 18:57:08.166,2026-02-04 18:57:04.079,-4087.399,59.999855041503906,0
2026-02-04 18:57:00.000,2026-02-04 18:57:10.000,2108,2026-02-04 18:57:08.183,2026-02-04 18:57:04.095,-4087.473,60.00126266479492,0
2026-02-04 18:57:00.000,2026-02-04 18:57:10.000,2108,2026-02-04 18:57:08.200,2026-02-04 18:57:04.113,-4086.939,60.0064811706543,0
2026-02-04 18:57:00.000,2026-02-04 18:57:10.000,2108,2026-02-04 18:57:08.216,2026-02-04 18:57:04.129,-4087.066,60.00550079345703,0
2026-02-04 18:57:00.000,2026-02-04 18:57:10.000,2108,2026-02-04 18:57:08.233,2026-02-04 18:57:04.146,-4087.181,60.00200271606445,0
2026-02-04 18:57:00.000,2026-02-04 18:57:10.000,2108,2026-02-04 18:57:08.250,2026-02-04 18:57:04.162,-4087.284,60.002681732177734,0
2026-02-04 18:57:00.000,2026-02-04 18:57:10.000,2108,2026-02-04 18:57:08.266,2026-02-04 18:57:04.179,-4087.329,60.00431823730469,0
2026-02-04 18:57:00.000,2026-02-04 18:57:10.000,2108,2026-02-04 18:57:08.283,2026-02-04 18:57:04.196,-4086.400,60.00602340698242,0
2026-02-04 18:57:00.000,2026-02-04 18:57:10.000,2108,2026-02-04 18:57:08.300,2026-02-04 18:57:04.212,-4087.571,60.00571823120117,0
2026-02-04 18:57:00.000,2026-02-04 18:57:10.000,2108,2026-02-04 18:57:08.316,2026-02-04 18:57:04.229,-4087.203,60.004119873046875,0
2026-02-04 18:57:00.000,2026-02-04 18:57:10.000,2108,2026-02-04 18:57:08.333,2026-02-04 18:57:04.246,-4087.204,60.006011962890625,0
2026-02-04 18:57:00.000,2026-02-04 18:57:10.000,2108,2026-02-04 18:57:08.350,2026-02-04 18:57:04.262,-4087.077,60.00556564331055,0
2026-02-04 18:57:00.000,2026-02-04 18:57:10.000,2108,2026-02-04 18:57:08.366,2026-02-04 18:57:04.279,-4087.135,60.000789642333984,0
2026-02-04 18:57:00.000,2026-02-04 18:57:10.000,2108,2026-02-04 18:57:08.383,2026-02-04 18:57:04.296,-4087.248,59.9985466003418,0
2026-02-04 18:57:00.000,2026-02-04 18:57:10.000,2108,2026-02-04 18:57:08.400,2026-02-04 18:57:04.312,-4087.402,60.002811431884766,0
2026-02-04 18:57:00.000,2026-02-04 18:57:10.000,2108,2026-02-04 18:57:08.416,2026-02-04 18:57:04.329,-4087.046,60.006927490234375,0
2026-02-04 18:57:00.000,2026-02-04 18:57:10.000,2108,2026-02-04 18:57:08.433,2026-02-04 18:57:04.345,-4087.685,60.00673294067383,0
2026-02-04 18:57:00.000,2026-02-04 18:57:10.000,2108,2026-02-04 18:57:08.450,2026-02-04 18:57:04.362,-4087.342,60.004364013671875,0
2026-02-04 18:57:00.000,2026-02-04 18:57:10.000,2108,2026-02-04 18:57:08.466,2026-02-04 18:57:04.379,-4087.340,60.0008430480957,0
2026-02-04 18:57:00.000,2026-02-04 18:57:10.000,2108,2026-02-04 18:57:08.483,2026-02-04 18:57:04.395,-4087.365,60.00331115722656,0
2026-02-04 18:57:00.000,2026-02-04 18:57:10.000,2108,2026-02-04 18:57:08.499,2026-02-04 18:57:04.412,-4087.773,60.007293701171875,0
2026-02-04 18:57:00.000,2026-02-04 18:57:10.000,2108,2026-02-04 18:57:08.516,2026-02-04 18:57:04.429,-4087.429,60.0051383972168,0
2026-02-04 18:57:00.000,2026-02-04 18:57:10.000,2108,2026-02-04 18:57:08.533,2026-02-04 18:57:04.446,-4087.072,60.00239944458008,0
2026-02-04 18:57:00.000,2026-02-04 18:57:10.000,2108,2026-02-04 18:57:08.550,2026-02-04 18:57:04.462,-4087.788,60.002784729003906,0
2026-02-04 18:57:00.000,2026-02-04 18:57:10.000,2108,2026-02-04 18:57:08.566,2026-02-04 18:57:04.479,-4087.353,60.00469207763672,0
2026-02-04 18:57:00.000,2026-02-04 18:57:10.000,2108,2026-02-04 18:57:08.583,2026-02-04 18:57:04.496,-4087.206,60.00475311279297,0
2026-02-04 18:57:00.000,2026-02-04 18:57:10.000,2108,2026-02-04 18:57:08.600,2026-02-04 18:57:04.512,-4087.597,60.0035400390625,0
2026-02-04 18:57:00.000,2026-02-04 18:57:10.000,2108,2026-02-04 18:57:08.616,2026-02-04 18:57:04.529,-4086.919,60.0041618347168,0
2026-02-04 18:57:00.000,2026-02-04 18:57:10.000,2108,2026-02-04 18:57:08.633,2026-02-04 18:57:04.546,-4087.166,60.00535583496094,0
2026-02-04 18:57:00.000,2026-02-04 18:57:10.000,2108,2026-02-04 18:57:08.650,2026-02-04 18:57:04.562,-4087.820,60.00198745727539,0
2026-02-04 18:57:00.000,2026-02-04 18:57:10.000,2108,2026-02-04 18:57:08.666,2026-02-04 18:57:04.586,-4080.384,59.99746322631836,0
2026-02-04 18:57:00.000,2026-02-04 18:57:10.000,2108,2026-02-04 18:57:08.683,2026-02-04 18:57:04.595,-4087.537,59.998130798339844,0
2026-02-04 18:57:00.000,2026-02-04 18:57:10.000,2108,2026-02-04 18:57:08.700,2026-02-04 18:57:04.613,-4086.032,60.002098083496094,0
2026-02-04 18:57:00.000,2026-02-04 18:57:10.000,2108,2026-02-04 18:57:08.716,2026-02-04 18:57:04.629,-4087.173,60.007049560546875,0
2026-02-04 18:57:00.000,2026-02-04 18:57:10.000,2108,2026-02-04 18:57:08.733,2026-02-04 18:57:04.654,-4078.387,60.00882339477539,0
2026-02-04 18:57:00.000,2026-02-04 18:57:10.000,2108,2026-02-04 18:57:08.750,2026-02-04 18:57:04.662,-4087.346,60.004817962646484,0
2026-02-04 18:57:00.000,2026-02-04 18:57:10.000,2108,2026-02-04 18:57:08.766,2026-02-04 18:57:04.679,-4086.869,59.99985885620117,0
2026-02-04 18:57:00.000,2026-02-04 18:57:10.000,2108,2026-02-04 18:57:08.783,2026-02-04 18:57:04.696,-4086.511,59.99958801269531,0
2026-02-04 18:57:00.000,2026-02-04 18:57:10.000,2108,2026-02-04 18:57:08.800,2026-02-04 18:57:04.712,-4087.030,60.003292083740234,0
2026-02-04 18:57:00.000,2026-02-04 18:57:10.000,2108,2026-02-04 18:57:08.816,2026-02-04 18:57:04.729,-4087.139,60.006797790527344,0
2026-02-04 18:57:00.000,2026-02-04 18:57:10.000,2108,2026-02-04 18:57:08.833,2026-02-04 18:57:04.745,-4087.917,60.005252838134766,0
2026-02-04 18:57:00.000,2026-02-04 18:57:10.000,2108,2026-02-04 18:57:08.850,2026-02-04 18:57:04.761,-4088.034,59.999847412109375,0
2026-02-04 18:57:00.000,2026-02-04 18:57:10.000,2108,2026-02-04 18:57:08.866,2026-02-04 18:57:04.779,-4087.441,60.00210952758789,0
2026-02-04 18:57:00.000,2026-02-04 18:57:10.000,2108,2026-02-04 18:57:08.883,2026-02-04 18:57:04.796,-4087.149,60.006805419921875,0
2026-02-04 18:57:00.000,2026-02-04 18:57:10.000,2108,2026-02-04 18:57:08.899,2026-02-04 18:57:04.812,-4087.312,60.00316619873047,0
2026-02-04 18:57:00.000,2026-02-04 18:57:10.000,2108,2026-02-04 18:57:08.916,2026-02-04 18:57:04.829,-4087.237,59.99823760986328,0
2026-02-04 18:57:00.000,2026-02-04 18:57:10.000,2108,2026-02-04 18:57:08.933,2026-02-04 18:57:04.845,-4087.360,59.99794387817383,0
2026-02-04 18:57:00.000,2026-02-04 18:57:10.000,2108,2026-02-04 18:57:08.950,2026-02-04 18:57:04.862,-4087.894,60.000858306884766,0
2026-02-04 18:57:00.000,2026-02-04 18:57:10.000,2108,2026-02-04 18:57:08.966,2026-02-04 18:57:04.879,-4087.541,60.00580978393555,0
2026-02-04 18:57:00.000,2026-02-04 18:57:10.000,2108,2026-02-04 18:57:08.983,2026-02-04 18:57:04.895,-4087.862,60.007083892822266,0
2026-02-04 18:57:00.000,2026-02-04 18:57:10.000,2108,2026-02-04 18:57:09.000,2026-02-04 18:57:04.912,-4087.011,60.000492095947266,0
2026-02-04 18:57:00.000,2026-02-04 18:57:10.000,2108,2026-02-04 18:57:09.016,2026-02-04 18:57:04.929,-4087.655,59.998023986816406,0
2026-02-04 18:57:00.000,2026-02-04 18:57:10.000,2108,2026-02-04 18:57:09.033,2026-02-04 18:57:04.946,-4087.197,60.0041618347168,0
2026-02-04 18:57:00.000,2026-02-04 18:57:10.000,2108,2026-02-04 18:57:09.050,2026-02-04 18:57:04.962,-4087.855,60.0050163269043,0
2026-02-04 18:57:00.000,2026-02-04 18:57:10.000,2108,2026-02-04 18:57:09.066,2026-02-04 18:57:04.978,-4087.763,60.00101852416992,0
2026-02-04 18:57:00.000,2026-02-04 18:57:10.000,2108,2026-02-04 18:57:09.083,2026-02-04 18:57:04.995,-4087.402,59.99948501586914,0
2026-02-04 18:57:00.000,2026-02-04 18:57:10.000,2108,2026-02-04 18:57:09.100,2026-02-04 18:57:05.012,-4087.621,59.998451232910156,0
2026-02-04 18:57:00.000,2026-02-04 18:57:10.000,2108,2026-02-04 18:57:09.116,2026-02-04 18:57:05.029,-4087.263,60.00033187866211,0
2026-02-04 18:57:00.000,2026-02-04 18:57:10.000,2108,2026-02-04 18:57:09.133,2026-02-04 18:57:05.046,-4086.909,60.0034065246582,0
2026-02-04 18:57:00.000,2026-02-04 18:57:10.000,2108,2026-02-04 18:57:09.150,2026-02-04 18:57:05.062,-4087.548,60.00094985961914,0
2026-02-04 18:57:00.000,2026-02-04 18:57:10.000,2108,2026-02-04 18:57:09.166,2026-02-04 18:57:05.079,-4087.201,59.998260498046875,0
2026-02-04 18:57:00.000,2026-02-04 18:57:10.000,2108,2026-02-04 18:57:09.183,2026-02-04 18:57:05.096,-4087.315,60.0015754699707,0
2026-02-04 18:57:00.000,2026-02-04 18:57:10.000,2108,2026-02-04 18:57:09.200,2026-02-04 18:57:05.112,-4087.429,60.005001068115234,0
2026-02-04 18:57:00.000,2026-02-04 18:57:10.000,2108,2026-02-04 18:57:09.216,2026-02-04 18:57:05.129,-4087.128,60.003753662109375,0
2026-02-04 18:57:00.000,2026-02-04 18:57:10.000,2108,2026-02-04 18:57:09.233,2026-02-04 18:57:05.146,-4086.770,60.00005340576172,0
2026-02-04 18:57:00.000,2026-02-04 18:57:10.000,2108,2026-02-04 18:57:09.250,2026-02-04 18:57:05.162,-4087.417,59.998573303222656,0
2026-02-04 18:57:00.000,2026-02-04 18:57:10.000,2108,2026-02-04 18:57:09.266,2026-02-04 18:57:05.179,-4087.057,60.00095748901367,0
2026-02-04 18:57:00.000,2026-02-04 18:57:10.000,2108,2026-02-04 18:57:09.283,2026-02-04 18:57:05.196,-4087.169,60.00482177734375,0
2026-02-04 18:57:00.000,2026-02-04 18:57:10.000,2108,2026-02-04 18:57:09.299,2026-02-04 18:57:05.212,-4087.810,60.00307083129883,0
2026-02-04 18:57:00.000,2026-02-04 18:57:10.000,2108,2026-02-04 18:57:09.316,2026-02-04 18:57:05.229,-4087.671,59.9977912902832,0
2026-02-04 18:57:00.000,2026-02-04 18:57:10.000,2108,2026-02-04 18:57:09.333,2026-02-04 18:57:05.245,-4087.494,60.000728607177734,0
2026-02-04 18:57:00.000,2026-02-04 18:57:10.000,2108,2026-02-04 18:57:09.350,2026-02-04 18:57:05.262,-4087.133,60.00550842285156,0
2026-02-04 18:57:00.000,2026-02-04 18:57:10.000,2108,2026-02-04 18:57:09.366,2026-02-04 18:57:05.278,-4087.714,60.00107955932617,0
2026-02-04 18:57:00.000,2026-02-04 18:57:10.000,2108,2026-02-04 18:57:09.383,2026-02-04 18:57:05.296,-4086.965,59.99390411376953,0
2026-02-04 18:57:00.000,2026-02-04 18:57:10.000,2108,2026-02-04 18:57:09.400,2026-02-04 18:57:05.312,-4087.674,59.99537658691406,0
2026-02-04 18:57:00.000,2026-02-04 18:57:10.000,2108,2026-02-04 18:57:09.416,2026-02-04 18:57:05.329,-4087.316,60.00185012817383,0
2026-02-04 18:57:00.000,2026-02-04 18:57:10.000,2108,2026-02-04 18:57:09.433,2026-02-04 18:57:05.345,-4087.409,60.00310134887695,0
2026-02-04 18:57:00.000,2026-02-04 18:57:10.000,2108,2026-02-04 18:57:09.450,2026-02-04 18:57:05.363,-4086.961,60.00169372558594,0
2026-02-04 18:57:00.000,2026-02-04 18:57:10.000,2108,2026-02-04 18:57:09.466,2026-02-04 18:57:05.378,-4087.702,60.00257873535156,0
2026-02-04 18:57:00.000,2026-02-04 18:57:10.000,2108,2026-02-04 18:57:09.483,2026-02-04 18:57:05.396,-4087.299,60.002685546875,0
2026-02-04 18:57:00.000,2026-02-04 18:57:10.000,2108,2026-02-04 18:57:09.500,2026-02-04 18:57:05.413,-4086.957,60.00001525878906,0
2026-02-04 18:57:00.000,2026-02-04 18:57:10.000,2108,2026-02-04 18:57:09.516,2026-02-04 18:57:05.428,-4087.745,59.99892044067383,0
2026-02-04 18:57:00.000,2026-02-04 18:57:10.000,2108,2026-02-04 18:57:09.533,2026-02-04 18:57:05.446,-4087.207,59.99872589111328,0
2026-02-04 18:57:00.000,2026-02-04 18:57:10.000,2108,2026-02-04 18:57:09.550,2026-02-04 18:57:05.462,-4087.263,59.9979362487793,0
2026-02-04 18:57:00.000,2026-02-04 18:57:10.000,2108,2026-02-04 18:57:09.566,2026-02-04 18:57:05.479,-4087.099,60.00033187866211,0
2026-02-04 18:57:00.000,2026-02-04 18:57:10.000,2108,2026-02-04 18:57:09.583,2026-02-04 18:57:05.496,-4087.179,60.003849029541016,0
2026-02-04 18:57:00.000,2026-02-04 18:57:10.000,2108,2026-02-04 18:57:09.600,2026-02-04 18:57:05.512,-4087.055,60.003639221191406,0
2026-02-04 18:57:00.000,2026-02-04 18:57:10.000,2108,2026-02-04 18:57:09.616,2026-02-04 18:57:05.529,-4087.021,59.99753189086914,0
2026-02-04 18:57:00.000,2026-02-04 18:57:10.000,2108,2026-02-04 18:57:09.633,2026-02-04 18:57:05.546,-4086.904,59.99342727661133,0
2026-02-04 18:57:00.000,2026-02-04 18:57:10.000,2108,2026-02-04 18:57:09.650,2026-02-04 18:57:05.562,-4087.520,59.997467041015625,0
2026-02-04 18:57:00.000,2026-02-04 18:57:10.000,2108,2026-02-04 18:57:09.666,2026-02-04 18:57:05.579,-4087.462,60.00113296508789,0
2026-02-04 18:57:00.000,2026-02-04 18:57:10.000,2108,2026-02-04 18:57:09.683,2026-02-04 18:57:05.595,-4087.384,60.001766204833984,0
2026-02-04 18:57:00.000,2026-02-04 18:57:10.000,2108,2026-02-04 18:57:09.699,2026-02-04 18:57:05.612,-4087.607,60.00153732299805,0
2026-02-04 18:57:00.000,2026-02-04 18:57:10.000,2108,2026-02-04 18:57:09.716,2026-02-04 18:57:05.629,-4086.730,60.001747131347656,0
2026-02-04 18:57:00.000,2026-02-04 18:57:10.000,2108,2026-02-04 18:57:09.733,2026-02-04 18:57:05.646,-4087.271,60.00181579589844,0
2026-02-04 18:57:00.000,2026-02-04 18:57:10.000,2108,2026-02-04 18:57:09.750,2026-02-04 18:57:05.662,-4087.385,60.00132751464844,0
2026-02-04 18:57:00.000,2026-02-04 18:57:10.000,2108,2026-02-04 18:57:09.766,2026-02-04 18:57:05.679,-4087.226,60.000999450683594,0
2026-02-04 18:57:00.000,2026-02-04 18:57:10.000,2108,2026-02-04 18:57:09.783,2026-02-04 18:57:05.695,-4087.351,59.99901580810547,0
2026-02-04 18:57:00.000,2026-02-04 18:57:10.000,2108,2026-02-04 18:57:09.800,2026-02-04 18:57:05.713,-4086.992,59.99839401245117,0
2026-02-04 18:57:00.000,2026-02-04 18:57:10.000,2108,2026-02-04 18:57:09.816,2026-02-04 18:57:05.729,-4087.659,60.00104904174805,0
2026-02-04 18:57:00.000,2026-02-04 18:57:10.000,2108,2026-02-04 18:57:09.833,2026-02-04 18:57:05.746,-4087.235,60.000083923339844,0
2026-02-04 18:57:00.000,2026-02-04 18:57:10.000,2108,2026-02-04 18:57:09.850,2026-02-04 18:57:05.762,-4087.369,59.99424743652344,0
2026-02-04 18:57:00.000,2026-02-04 18:57:10.000,2108,2026-02-04 18:57:09.866,2026-02-04 18:57:05.779,-4087.414,59.99601745605469,0
2026-02-04 18:57:00.000,2026-02-04 18:57:10.000,2108,2026-02-04 18:57:09.883,2026-02-04 18:57:05.795,-4087.492,59.999977111816406,0
2026-02-04 18:57:00.000,2026-02-04 18:57:10.000,2108,2026-02-04 18:57:09.900,2026-02-04 18:57:05.812,-4087.145,59.9975700378418,0
2026-02-04 18:57:00.000,2026-02-04 18:57:10.000,2108,2026-02-04 18:57:09.916,2026-02-04 18:57:05.829,-4087.262,59.99877166748047,0
2026-02-04 18:57:00.000,2026-02-04 18:57:10.000,2108,2026-02-04 18:57:09.933,2026-02-04 18:57:05.845,-4087.379,60.00056076049805,0
2026-02-04 18:57:00.000,2026-02-04 18:57:10.000,2108,2026-02-04 18:57:09.950,2026-02-04 18:57:05.862,-4087.113,59.99913787841797,0
2026-02-04 18:57:00.000,2026-02-04 18:57:10.000,2108,2026-02-04 18:57:09.966,2026-02-04 18:57:05.878,-4087.692,59.99940490722656,0
2026-02-04 18:57:00.000,2026-02-04 18:57:10.000,2108,2026-02-04 18:57:09.983,2026-02-04 18:57:05.895,-4087.767,60.000389099121094,0
2026-02-04 18:57:00.000,2026-02-04 18:57:10.000,2108,2026-02-04 18:57:10.000,2026-02-04 18:57:05.912,-4087.873,59.99755096435547,0
2026-02-04 18:57:00.000,2026-02-04 18:57:10.000,2108,2026-02-04 18:57:10.016,2026-02-04 18:57:05.929,-4087.513,59.994930267333984,0
2026-02-04 18:57:00.000,2026-02-04 18:57:10.000,2108,2026-02-04 18:57:10.033,2026-02-04 18:57:05.947,-4085.330,59.998714447021484,0
2026-02-04 18:57:00.000,2026-02-04 18:57:10.000,2108,2026-02-04 18:57:10.050,2026-02-04 18:57:05.963,-4086.987,60.00165939331055,0
2026-02-04 18:57:00.000,2026-02-04 18:57:10.000,2108,2026-02-04 18:57:10.066,2026-02-04 18:57:05.978,-4087.742,59.99995040893555,0
2026-02-04 18:57:00.000,2026-02-04 18:57:10.000,2108,2026-02-04 18:57:10.083,2026-02-04 18:57:05.995,-4087.848,59.99681091308594,0
2026-02-04 18:57:00.000,2026-02-04 18:57:10.000,2108,2026-02-04 18:57:10.099,2026-02-04 18:57:06.012,-4086.997,59.99618148803711,0
2026-02-04 18:57:00.000,2026-02-04 18:57:10.000,2108,2026-02-04 18:57:10.116,2026-02-04 18:57:06.029,-4087.593,60.00057601928711,0
2026-02-04 18:57:00.000,2026-02-04 18:57:10.000,2108,2026-02-04 18:57:10.133,2026-02-04 18:57:06.045,-4087.626,60.003135681152344,0
2026-02-04 18:57:00.000,2026-02-04 18:57:10.000,2108,2026-02-04 18:57:10.150,2026-02-04 18:57:06.063,-4086.759,59.99953842163086,0
2026-02-04 18:57:00.000,2026-02-04 18:57:10.000,2108,2026-02-04 18:57:10.166,2026-02-04 18:57:06.079,-4087.401,59.99522399902344,0
2026-02-04 18:57:00.000,2026-02-04 18:57:10.000,2108,2026-02-04 18:57:10.183,2026-02-04 18:57:06.096,-4087.275,59.997798919677734,0
2026-02-04 18:57:00.000,2026-02-04 18:57:10.000,2108,2026-02-04 18:57:10.200,2026-02-04 18:57:06.112,-4087.177,60.001922607421875,0
2026-02-04 18:57:00.000,2026-02-04 18:57:10.000,2108,2026-02-04 18:57:10.216,2026-02-04 18:57:06.129,-4087.251,60.000221252441406,0
2026-02-04 18:57:00.000,2026-02-04 18:57:10.000,2108,2026-02-04 18:57:10.233,2026-02-04 18:57:06.145,-4087.379,59.99589157104492,0
2026-02-04 18:57:00.000,2026-02-04 18:57:10.000,2108,2026-02-04 18:57:10.250,2026-02-04 18:57:06.162,-4087.517,59.99294662475586,0
2026-02-04 18:57:00.000,2026-02-04 18:57:10.000,2108,2026-02-04 18:57:10.266,2026-02-04 18:57:06.179,-4087.644,59.99681091308594,0
2026-02-04 18:57:00.000,2026-02-04 18:57:10.000,2108,2026-02-04 18:57:10.283,2026-02-04 18:57:06.196,-4087.141,60.00159454345703,0
2026-02-04 18:57:00.000,2026-02-04 18:57:10.000,2108,2026-02-04 18:57:10.300,2026-02-04 18:57:06.212,-4087.158,59.99983596801758,0
2026-02-04 18:57:00.000,2026-02-04 18:57:10.000,2108,2026-02-04 18:57:10.316,2026-02-04 18:57:06.229,-4087.223,59.99762725830078,0
2026-02-04 18:57:00.000,2026-02-04 18:57:10.000,2108,2026-02-04 18:57:10.333,2026-02-04 18:57:06.246,-4087.294,59.998207092285156,0
2026-02-04 18:57:00.000,2026-02-04 18:57:10.000,2108,2026-02-04 18:57:10.350,2026-02-04 18:57:06.262,-4087.414,59.997779846191406,0
2026-02-04 18:57:00.000,2026-02-04 18:57:10.000,2108,2026-02-04 18:57:10.366,2026-02-04 18:57:06.279,-4087.318,59.99728775024414,0
2026-02-04 18:57:00.000,2026-02-04 18:57:10.000,2108,2026-02-04 18:57:10.383,2026-02-04 18:57:06.295,-4087.951,59.99717330932617,0
2026-02-04 18:57:00.000,2026-02-04 18:57:10.000,2108,2026-02-04 18:57:10.400,2026-02-04 18:57:06.312,-4087.105,59.995338439941406,0
2026-02-04 18:57:00.000,2026-02-04 18:57:10.000,2108,2026-02-04 18:57:10.416,2026-02-04 18:57:06.331,-4084.742,59.99772644042969,0
2026-02-04 18:57:00.000,2026-02-04 18:57:10.000,2108,2026-02-04 18:57:10.433,2026-02-04 18:57:06.345,-4087.385,60.0004997253418,0
2026-02-04 18:57:00.000,2026-02-04 18:57:10.000,2108,2026-02-04 18:57:10.450,2026-02-04 18:57:06.362,-4087.528,59.996891021728516,0
2026-02-04 18:57:00.000,2026-02-04 18:57:10.000,2108,2026-02-04 18:57:10.466,2026-02-04 18:57:06.379,-4087.173,59.99464416503906,0
2026-02-04 18:57:00.000,2026-02-04 18:57:10.000,2108,2026-02-04 18:57:10.483,2026-02-04 18:57:06.396,-4087.290,59.995784759521484,0
2026-02-04 18:57:00.000,2026-02-04 18:57:10.000,2108,2026-02-04 18:57:10.499,2026-02-04 18:57:06.412,-4087.482,59.99675369262695,0
2026-02-04 18:57:00.000,2026-02-04 18:57:10.000,2108,2026-02-04 18:57:10.516,2026-02-04 18:57:06.429,-4087.283,59.99824905395508,0
2026-02-04 18:57:00.000,2026-02-04 18:57:10.000,2108,2026-02-04 18:57:10.533,2026-02-04 18:57:06.446,-4086.919,59.99800109863281,0
2026-02-04 18:57:00.000,2026-02-04 18:57:10.000,2108,2026-02-04 18:57:10.550,2026-02-04 18:57:06.461,-4088.047,59.995704650878906,0
2026-02-04 18:57:00.000,2026-02-04 18:57:10.000,2108,2026-02-04 18:57:10.566,2026-02-04 18:57:06.478,-4087.748,59.99672317504883,0
2026-02-04 18:57:00.000,2026-02-04 18:57:10.000,2108,2026-02-04 18:57:10.583,2026-02-04 18:57:06.495,-4087.384,59.99949264526367,0
2026-02-04 18:57:00.000,2026-02-04 18:57:10.000,2108,2026-02-04 18:57:10.600,2026-02-04 18:57:06.513,-4086.948,59.9990348815918,0
2026-02-04 18:57:00.000,2026-02-04 18:57:10.000,2108,2026-02-04 18:57:10.616,2026-02-04 18:57:06.530,-4086.663,59.99747085571289,0
2026-02-04 18:57:00.000,2026-02-04 18:57:10.000,2108,2026-02-04 18:57:10.633,2026-02-04 18:57:06.546,-4086.451,59.996612548828125,0
2026-02-04 18:57:00.000,2026-02-04 18:57:10.000,2108,2026-02-04 18:57:10.650,2026-02-04 18:57:06.563,-4086.909,59.995452880859375,0
2026-02-04 18:57:00.000,2026-02-04 18:57:10.000,2108,2026-02-04 18:57:10.666,2026-02-04 18:57:06.579,-4087.421,59.99588394165039,0
2026-02-04 18:57:00.000,2026-02-04 18:57:10.000,2108,2026-02-04 18:57:10.683,2026-02-04 18:57:06.595,-4087.429,60.00029754638672,0
2026-02-04 18:57:00.000,2026-02-04 18:57:10.000,2108,2026-02-04 18:57:10.700,2026-02-04 18:57:06.612,-4087.622,60.000240325927734,0
2026-02-04 18:57:00.000,2026-02-04 18:57:10.000,2108,2026-02-04 18:57:10.716,2026-02-04 18:57:06.629,-4086.727,59.995731353759766,0
2026-02-04 18:57:00.000,2026-02-04 18:57:10.000,2108,2026-02-04 18:57:10.733,2026-02-04 18:57:06.646,-4087.204,59.996463775634766,0
2026-02-04 18:57:00.000,2026-02-04 18:57:10.000,2108,2026-02-04 18:57:10.750,2026-02-04 18:57:06.662,-4087.070,59.998382568359375,0
2026-02-04 18:57:00.000,2026-02-04 18:57:10.000,2108,2026-02-04 18:57:10.766,2026-02-04 18:57:06.679,-4087.009,59.99827575683594,0
2026-02-04 18:57:00.000,2026-02-04 18:57:10.000,2108,2026-02-04 18:57:10.783,2026-02-04 18:57:06.695,-4087.845,59.99837112426758,0
2026-02-04 18:57:00.000,2026-02-04 18:57:10.000,2108,2026-02-04 18:57:10.800,2026-02-04 18:57:06.712,-4087.953,59.99838638305664,0
2026-02-04 18:57:00.000,2026-02-04 18:57:10.000,2108,2026-02-04 18:57:10.816,2026-02-04 18:57:06.729,-4087.331,59.99779510498047,0
2026-02-04 18:57:00.000,2026-02-04 18:57:10.000,2108,2026-02-04 18:57:10.833,2026-02-04 18:57:06.746,-4086.943,59.99818420410156,0
2026-02-04 18:57:00.000,2026-02-04 18:57:10.000,2108,2026-02-04 18:57:10.850,2026-02-04 18:57:06.762,-4087.596,59.99611282348633,0
2026-02-04 18:57:00.000,2026-02-04 18:57:10.000,2108,2026-02-04 18:57:10.866,2026-02-04 18:57:06.778,-4087.678,59.993202209472656,0
2026-02-04 18:57:00.000,2026-02-04 18:57:10.000,2108,2026-02-04 18:57:10.883,2026-02-04 18:57:06.796,-4087.312,59.996421813964844,0
2026-02-04 18:57:00.000,2026-02-04 18:57:10.000,2108,2026-02-04 18:57:10.899,2026-02-04 18:57:06.813,-4086.902,59.9976921081543,0
2026-02-04 18:57:00.000,2026-02-04 18:57:10.000,2108,2026-02-04 18:57:10.916,2026-02-04 18:57:06.829,-4087.544,59.994102478027344,0
2026-02-04 18:57:00.000,2026-02-04 18:57:10.000,2108,2026-02-04 18:57:10.933,2026-02-04 18:57:06.846,-4087.121,59.9931755065918,0
2026-02-04 18:57:00.000,2026-02-04 18:57:10.000,2108,2026-02-04 18:57:10.950,2026-02-04 18:57:06.866,-4083.162,59.9974479675293,0
2026-02-04 18:57:00.000,2026-02-04 18:57:10.000,2108,2026-02-04 18:57:10.966,2026-02-04 18:57:06.879,-4087.359,60.00054931640625,0
2026-02-04 18:57:00.000,2026-02-04 18:57:10.000,2108,2026-02-04 18:57:10.983,2026-02-04 18:57:06.895,-4087.952,59.99745559692383,0
2026-02-04 18:57:00.000,2026-02-04 18:57:10.000,2108,2026-02-04 18:57:11.000,2026-02-04 18:57:06.912,-4087.105,59.994258880615234,0
2026-02-04 18:57:00.000,2026-02-04 18:57:10.000,2108,2026-02-04 18:57:11.016,2026-02-04 18:57:06.929,-4087.612,59.995723724365234,0
2026-02-04 18:57:00.000,2026-02-04 18:57:10.000,2108,2026-02-04 18:57:11.033,2026-02-04 18:57:06.945,-4087.363,60.00117874145508,0
2026-02-04 18:57:00.000,2026-02-04 18:57:10.000,2108,2026-02-04 18:57:11.050,2026-02-04 18:57:06.962,-4087.014,60.00436019897461,0
2026-02-04 18:57:00.000,2026-02-04 18:57:10.000,2108,2026-02-04 18:57:11.066,2026-02-04 18:57:06.979,-4087.580,60.000240325927734,0
2026-02-04 18:57:00.000,2026-02-04 18:57:10.000,2108,2026-02-04 18:57:11.083,2026-02-04 18:57:06.997,-4086.214,59.99464797973633,0
2026-02-04 18:57:00.000,2026-02-04 18:57:10.000,2108,2026-02-04 18:57:11.100,2026-02-04 18:57:07.012,-4087.635,59.99351501464844,0
2026-02-04 18:57:00.000,2026-02-04 18:57:10.000,2108,2026-02-04 18:57:11.116,2026-02-04 18:57:07.029,-4087.278,59.99647903442383,0
2026-02-04 18:57:00.000,2026-02-04 18:57:10.000,2108,2026-02-04 18:57:11.133,2026-02-04 18:57:07.045,-4087.400,60.00068283081055,0
2026-02-04 18:57:00.000,2026-02-04 18:57:10.000,2108,2026-02-04 18:57:11.150,2026-02-04 18:57:07.062,-4087.039,60.00188446044922,0
2026-02-04 18:57:00.000,2026-02-04 18:57:10.000,2108,2026-02-04 18:57:11.166,2026-02-04 18:57:07.078,-4087.689,59.99766159057617,0
2026-02-04 18:57:00.000,2026-02-04 18:57:10.000,2108,2026-02-04 18:57:11.183,2026-02-04 18:57:07.095,-4088.327,59.99441909790039,0
2026-02-04 18:57:00.000,2026-02-04 18:57:10.000,2108,2026-02-04 18:57:11.200,2026-02-04 18:57:07.112,-4087.156,59.995201110839844,0
2026-02-04 18:57:00.000,2026-02-04 18:57:10.000,2108,2026-02-04 18:57:11.216,2026-02-04 18:57:07.129,-4087.293,59.99781036376953,0
2026-02-04 18:57:00.000,2026-02-04 18:57:10.000,2108,2026-02-04 18:57:11.233,2026-02-04 18:57:07.146,-4087.121,59.99857711791992,0
2026-02-04 18:57:00.000,2026-02-04 18:57:10.000,2108,2026-02-04 18:57:11.250,2026-02-04 18:57:07.162,-4087.766,59.993282318115234,0
2026-02-04 18:57:00.000,2026-02-04 18:57:10.000,2108,2026-02-04 18:57:11.266,2026-02-04 18:57:07.188,-4077.858,59.991661071777344,0
2026-02-04 18:57:00.000,2026-02-04 18:57:10.000,2108,2026-02-04 18:57:11.283,2026-02-04 18:57:07.196,-4087.227,59.998268127441406,0
2026-02-04 18:57:00.000,2026-02-04 18:57:10.000,2108,2026-02-04 18:57:11.299,2026-02-04 18:57:07.212,-4087.875,60.00197982788086,0
2026-02-04 18:57:00.000,2026-02-04 18:57:10.000,2108,2026-02-04 18:57:11.316,2026-02-04 18:57:07.229,-4087.592,59.99974822998047,0
2026-02-04 18:57:00.000,2026-02-04 18:57:10.000,2108,2026-02-04 18:57:11.333,2026-02-04 18:57:07.245,-4087.686,59.99800109863281,0
2026-02-04 18:57:00.000,2026-02-04 18:57:10.000,2108,2026-02-04 18:57:11.350,2026-02-04 18:57:07.262,-4087.752,59.99831771850586,0
2026-02-04 18:57:00.000,2026-02-04 18:57:10.000,2108,2026-02-04 18:57:11.366,2026-02-04 18:57:07.279,-4087.251,59.99838638305664,0
2026-02-04 18:57:00.000,2026-02-04 18:57:10.000,2108,2026-02-04 18:57:11.383,2026-02-04 18:57:07.296,-4087.250,59.99430465698242,0
2026-02-04 18:57:00.000,2026-02-04 18:57:10.000,2108,2026-02-04 18:57:11.400,2026-02-04 18:57:07.312,-4087.395,59.99033737182617,0
2026-02-04 18:57:00.000,2026-02-04 18:57:10.000,2108,2026-02-04 18:57:11.416,2026-02-04 18:57:07.329,-4087.061,59.99312210083008,0
2026-02-04 18:57:00.000,2026-02-04 18:57:10.000,2108,2026-02-04 18:57:11.433,2026-02-04 18:57:07.345,-4087.703,59.99544906616211,0
2026-02-04 18:57:00.000,2026-02-04 18:57:10.000,2108,2026-02-04 18:57:11.450,2026-02-04 18:57:07.362,-4087.383,59.99452590942383,0
2026-02-04 18:57:00.000,2026-02-04 18:57:10.000,2108,2026-02-04 18:57:11.466,2026-02-04 18:57:07.379,-4086.983,59.994102478027344,0
2026-02-04 18:57:00.000,2026-02-04 18:57:10.000,2108,2026-02-04 18:57:11.483,2026-02-04 18:57:07.399,-4083.627,59.9948616027832,0
2026-02-04 18:57:00.000,2026-02-04 18:57:10.000,2108,2026-02-04 18:57:11.500,2026-02-04 18:57:07.414,-4085.362,59.99634552001953,0
2026-02-04 18:57:00.000,2026-02-04 18:57:10.000,2108,2026-02-04 18:57:11.516,2026-02-04 18:57:07.429,-4087.504,59.997596740722656,0
2026-02-04 18:57:00.000,2026-02-04 18:57:10.000,2108,2026-02-04 18:57:11.533,2026-02-04 18:57:07.446,-4087.136,59.998897552490234,0
2026-02-04 18:57:00.000,2026-02-04 18:57:10.000,2108,2026-02-04 18:57:11.550,2026-02-04 18:57:07.463,-4086.809,59.9963493347168,0
2026-02-04 18:57:00.000,2026-02-04 18:57:10.000,2108,2026-02-04 18:57:11.566,2026-02-04 18:57:07.478,-4087.849,59.99323654174805,0
2026-02-04 18:57:00.000,2026-02-04 18:57:10.000,2108,2026-02-04 18:57:11.583,2026-02-04 18:57:07.495,-4087.490,59.99581527709961,0
2026-02-04 18:57:00.000,2026-02-04 18:57:10.000,2108,2026-02-04 18:57:11.600,2026-02-04 18:57:07.512,-4087.640,59.998573303222656,0
2026-02-04 18:57:00.000,2026-02-04 18:57:10.000,2108,2026-02-04 18:57:11.616,2026-02-04 18:57:07.529,-4087.234,59.996788024902344,0
2026-02-04 18:57:00.000,2026-02-04 18:57:10.000,2108,2026-02-04 18:57:11.633,2026-02-04 18:57:07.546,-4087.271,59.99285125732422,0
2026-02-04 18:57:00.000,2026-02-04 18:57:10.000,2108,2026-02-04 18:57:11.650,2026-02-04 18:57:07.562,-4087.546,59.99300003051758,0
2026-02-04 18:57:00.000,2026-02-04 18:57:10.000,2108,2026-02-04 18:57:11.666,2026-02-04 18:57:07.579,-4087.279,59.99756622314453,0
2026-02-04 18:57:00.000,2026-02-04 18:57:10.000,2108,2026-02-04 18:57:11.683,2026-02-04 18:57:07.595,-4087.921,59.9974250793457,0
2026-02-04 18:57:00.000,2026-02-04 18:57:10.000,2108,2026-02-04 18:57:11.699,2026-02-04 18:57:07.612,-4087.072,59.99029541015625,0
2026-02-04 18:57:00.000,2026-02-04 18:57:10.000,2108,2026-02-04 18:57:11.716,2026-02-04 18:57:07.628,-4087.723,59.989322662353516,0
2026-02-04 18:57:00.000,2026-02-04 18:57:10.000,2108,2026-02-04 18:57:11.733,2026-02-04 18:57:07.646,-4087.207,59.995849609375,0
2026-02-04 18:57:00.000,2026-02-04 18:57:10.000,2108,2026-02-04 18:57:11.750,2026-02-04 18:57:07.662,-4087.083,59.99970626831055,0
2026-02-04 18:57:00.000,2026-02-04 18:57:10.000,2108,2026-02-04 18:57:11.766,2026-02-04 18:57:07.678,-4087.686,59.999839782714844,0
2026-02-04 18:57:00.000,2026-02-04 18:57:10.000,2108,2026-02-04 18:57:11.783,2026-02-04 18:57:07.820,-3962.400,59.99519348144531,0
2026-02-04 18:57:00.000,2026-02-04 18:57:10.000,2108,2026-02-04 18:57:11.800,2026-02-04 18:57:07.820,-3979.064,59.99003982543945,0
2026-02-04 18:57:00.000,2026-02-04 18:57:10.000,2108,2026-02-04 18:57:11.816,2026-02-04 18:57:07.820,-3995.728,59.99285125732422,0
2026-02-04 18:57:00.000,2026-02-04 18:57:10.000,2108,2026-02-04 18:57:11.833,2026-02-04 18:57:07.820,-4012.393,59.999061584472656,0
2026-02-04 18:57:00.000,2026-02-04 18:57:10.000,2108,2026-02-04 18:57:11.850,2026-02-04 18:57:07.820,-4029.064,59.99837875366211,0
2026-02-04 18:57:00.000,2026-02-04 18:57:10.000,2108,2026-02-04 18:57:11.866,2026-02-04 18:57:07.821,-4044.729,59.992984771728516,0
2026-02-04 18:57:00.000,2026-02-04 18:57:10.000,2108,2026-02-04 18:57:11.883,2026-02-04 18:57:07.821,-4061.393,59.993133544921875,0
2026-02-04 18:57:00.000,2026-02-04 18:57:10.000,2108,2026-02-04 18:57:11.900,2026-02-04 18:57:07.821,-4078.073,59.997802734375,0
2026-02-04 18:57:00.000,2026-02-04 18:57:10.000,2108,2026-02-04 18:57:11.916,2026-02-04 18:57:07.831,-4085.226,59.99751663208008,0
2026-02-04 18:57:00.000,2026-02-04 18:57:10.000,2108,2026-02-04 18:57:11.933,2026-02-04 18:57:07.846,-4087.038,59.99019241333008,0
2026-02-04 18:57:00.000,2026-02-04 18:57:10.000,2108,2026-02-04 18:57:11.950,2026-02-04 18:57:07.871,-4078.173,59.987892150878906,0
2026-02-04 18:57:00.000,2026-02-04 18:57:10.000,2108,2026-02-04 18:57:11.966,2026-02-04 18:57:07.880,-4086.463,59.992794036865234,0
2026-02-04 18:57:00.000,2026-02-04 18:57:10.000,2108,2026-02-04 18:57:11.983,2026-02-04 18:57:07.896,-4087.108,59.99625778198242,0
2026-02-04 18:57:00.000,2026-02-04 18:57:10.000,2108,2026-02-04 18:57:12.000,2026-02-04 18:57:07.912,-4087.600,59.99646759033203,0
2026-02-04 18:57:00.000,2026-02-04 18:57:10.000,2108,2026-02-04 18:57:12.016,2026-02-04 18:57:07.928,-4087.726,59.99447250366211,0
2026-02-04 18:57:00.000,2026-02-04 18:57:10.000,2108,2026-02-04 18:57:12.033,2026-02-04 18:57:07.945,-4087.687,59.996829986572266,0
2026-02-04 18:57:00.000,2026-02-04 18:57:10.000,2108,2026-02-04 18:57:12.050,2026-02-04 18:57:07.962,-4087.079,60.000091552734375,0
2026-02-04 18:57:00.000,2026-02-04 18:57:10.000,2108,2026-02-04 18:57:12.066,2026-02-04 18:57:07.979,-4087.465,59.996612548828125,0
2026-02-04 18:57:00.000,2026-02-04 18:57:10.000,2108,2026-02-04 18:57:12.083,2026-02-04 18:57:07.996,-4087.099,59.9912223815918,0
2026-02-04 18:57:00.000,2026-02-04 18:57:10.000,2108,2026-02-04 18:57:12.099,2026-02-04 18:57:08.012,-4087.461,59.988609313964844,0
2026-02-04 18:57:00.000,2026-02-04 18:57:10.000,2108,2026-02-04 18:57:12.116,2026-02-04 18:57:08.029,-4087.119,59.99179458618164,0
2026-02-04 18:57:00.000,2026-02-04 18:57:10.000,2108,2026-02-04 18:57:12.133,2026-02-04 18:57:08.046,-4087.029,59.997344970703125,0
2026-02-04 18:57:00.000,2026-02-04 18:57:10.000,2108,2026-02-04 18:57:12.150,2026-02-04 18:57:08.062,-4087.090,59.99653244018555,0
2026-02-04 18:57:00.000,2026-02-04 18:57:10.000,2108,2026-02-04 18:57:12.166,2026-02-04 18:57:08.079,-4086.851,59.99211883544922,0
2026-02-04 18:57:00.000,2026-02-04 18:57:10.000,2108,2026-02-04 18:57:12.183,2026-02-04 18:57:08.095,-4087.490,59.993263244628906,0
2026-02-04 18:57:00.000,2026-02-04 18:57:10.000,2108,2026-02-04 18:57:12.200,2026-02-04 18:57:08.112,-4087.259,59.997032165527344,0
2026-02-04 18:57:00.000,2026-02-04 18:57:10.000,2108,2026-02-04 18:57:12.216,2026-02-04 18:57:08.129,-4087.281,59.99761199951172,0
2026-02-04 18:57:00.000,2026-02-04 18:57:10.000,2108,2026-02-04 18:57:12.233,2026-02-04 18:57:08.145,-4087.418,59.994178771972656,0
2026-02-04 18:57:00.000,2026-02-04 18:57:10.000,2108,2026-02-04 18:57:12.250,2026-02-04 18:57:08.162,-4087.114,59.98711013793945,0
2026-02-04 18:57:00.000,2026-02-04 18:57:10.000,2108,2026-02-04 18:57:12.266,2026-02-04 18:57:08.179,-4087.302,59.99020004272461,0
2026-02-04 18:57:00.000,2026-02-04 18:57:10.000,2108,2026-02-04 18:57:12.283,2026-02-04 18:57:08.195,-4087.433,60.00138854980469,0
2026-02-04 18:57:00.000,2026-02-04 18:57:10.000,2108,2026-02-04 18:57:12.300,2026-02-04 18:57:08.212,-4087.600,60.000457763671875,0
2026-02-04 18:57:00.000,2026-02-04 18:57:10.000,2108,2026-02-04 18:57:12.316,2026-02-04 18:57:08.229,-4087.244,59.99123764038086,0
2026-02-04 18:57:00.000,2026-02-04 18:57:10.000,2108,2026-02-04 18:57:12.333,2026-02-04 18:57:08.246,-4086.880,59.990882873535156,0
2026-02-04 18:57:00.000,2026-02-04 18:57:10.000,2108,2026-02-04 18:57:12.350,2026-02-04 18:57:08.262,-4087.930,59.99600601196289,0
2026-02-04 18:57:00.000,2026-02-04 18:57:10.000,2108,2026-02-04 18:57:12.366,2026-02-04 18:57:08.279,-4087.126,59.99425506591797,0
2026-02-04 18:57:00.000,2026-02-04 18:57:10.000,2108,2026-02-04 18:57:12.383,2026-02-04 18:57:08.296,-4087.253,59.991172790527344,0
2026-02-04 18:57:00.000,2026-02-04 18:57:10.000,2108,2026-02-04 18:57:12.400,2026-02-04 18:57:08.312,-4087.893,59.99140167236328,0
2026-02-04 18:57:00.000,2026-02-04 18:57:10.000,2108,2026-02-04 18:57:12.416,2026-02-04 18:57:08.329,-4086.931,59.992393493652344,0
2026-02-04 18:57:00.000,2026-02-04 18:57:10.000,2108,2026-02-04 18:57:12.433,2026-02-04 18:57:08.346,-4087.056,59.99404525756836,0
2026-02-04 18:57:00.000,2026-02-04 18:57:10.000,2108,2026-02-04 18:57:12.450,2026-02-04 18:57:08.362,-4087.709,59.99484634399414,0
2026-02-04 18:57:00.000,2026-02-04 18:57:10.000,2108,2026-02-04 18:57:12.466,2026-02-04 18:57:08.379,-4087.600,59.99365997314453,0
2026-02-04 18:57:00.000,2026-02-04 18:57:10.000,2108,2026-02-04 18:57:12.483,2026-02-04 18:57:08.397,-4085.919,59.99266052246094,0
2026-02-04 18:57:00.000,2026-02-04 18:57:10.000,2108,2026-02-04 18:57:12.499,2026-02-04 18:57:08.416,-4083.969,59.993377685546875,0
2026-02-04 18:57:00.000,2026-02-04 18:57:10.000,2108,2026-02-04 18:57:12.516,2026-02-04 18:57:08.429,-4087.140,59.99306869506836,0
2026-02-04 18:57:00.000,2026-02-04 18:57:10.000,2108,2026-02-04 18:57:12.533,2026-02-04 18:57:08.447,-4085.779,59.99327087402344,0
2026-02-04 18:57:00.000,2026-02-04 18:57:10.000,2108,2026-02-04 18:57:12.550,2026-02-04 18:57:08.462,-4087.412,59.991294860839844,0
2026-02-04 18:57:00.000,2026-02-04 18:57:10.000,2108,2026-02-04 18:57:12.566,2026-02-04 18:57:08.484,-4081.709,59.98749923706055,0
2026-02-04 18:57:00.000,2026-02-04 18:57:10.000,2108,2026-02-04 18:57:12.583,2026-02-04 18:57:08.496,-4087.279,59.9911994934082,0
2026-02-04 18:57:00.000,2026-02-04 18:57:10.000,2108,2026-02-04 18:57:12.600,2026-02-04 18:57:08.517,-4082.516,59.99455642700195,0
2026-02-04 18:57:00.000,2026-02-04 18:57:10.000,2108,2026-02-04 18:57:12.616,2026-02-04 18:57:08.534,-4082.465,59.99127197265625,0
2026-02-04 18:57:00.000,2026-02-04 18:57:10.000,2108,2026-02-04 18:57:12.633,2026-02-04 18:57:08.546,-4087.090,59.989707946777344,0
2026-02-04 18:57:00.000,2026-02-04 18:57:10.000,2108,2026-02-04 18:57:12.650,2026-02-04 18:57:08.573,-4076.080,59.99134826660156,0
2026-02-04 18:57:00.000,2026-02-04 18:57:10.000,2108,2026-02-04 18:57:12.666,2026-02-04 18:57:08.578,-4087.692,59.99284362792969,0
2026-02-04 18:57:00.000,2026-02-04 18:57:10.000,2108,2026-02-04 18:57:12.683,2026-02-04 18:57:08.596,-4087.026,59.993980407714844,0
2026-02-04 18:57:00.000,2026-02-04 18:57:10.000,2108,2026-02-04 18:57:12.700,2026-02-04 18:57:08.612,-4087.188,59.992347717285156,0
2026-02-04 18:57:00.000,2026-02-04 18:57:10.000,2108,2026-02-04 18:57:12.716,2026-02-04 18:57:08.629,-4087.496,59.99005889892578,0
2026-02-04 18:57:00.000,2026-02-04 18:57:10.000,2108,2026-02-04 18:57:12.733,2026-02-04 18:57:08.656,-4076.843,59.99237060546875,0
2026-02-04 18:57:00.000,2026-02-04 18:57:10.000,2108,2026-02-04 18:57:12.750,2026-02-04 18:57:08.662,-4087.992,59.99534606933594,0
2026-02-04 18:57:00.000,2026-02-04 18:57:10.000,2108,2026-02-04 18:57:12.766,2026-02-04 18:57:08.688,-4078.609,59.993953704833984,0
2026-02-04 18:57:00.000,2026-02-04 18:57:10.000,2108,2026-02-04 18:57:12.783,2026-02-04 18:57:08.704,-4079.256,59.98983383178711,0
2026-02-04 18:57:00.000,2026-02-04 18:57:10.000,2108,2026-02-04 18:57:12.800,2026-02-04 18:57:08.718,-4081.398,59.98900604248047,0
2026-02-04 18:57:00.000,2026-02-04 18:57:10.000,2108,2026-02-04 18:57:12.816,2026-02-04 18:57:08.734,-4082.548,59.9915657043457,0
2026-02-04 18:57:00.000,2026-02-04 18:57:10.000,2108,2026-02-04 18:57:12.833,2026-02-04 18:57:08.749,-4083.622,59.992408752441406,0
2026-02-04 18:57:00.000,2026-02-04 18:57:10.000,2108,2026-02-04 18:57:12.850,2026-02-04 18:57:08.772,-4077.759,59.989810943603516,0
2026-02-04 18:57:00.000,2026-02-04 18:57:10.000,2108,2026-02-04 18:57:12.866,2026-02-04 18:57:08.780,-4085.908,59.986480712890625,0
2026-02-04 18:57:00.000,2026-02-04 18:57:10.000,2108,2026-02-04 18:57:12.883,2026-02-04 18:57:08.796,-4086.861,59.98837661743164,0
2026-02-04 18:57:00.000,2026-02-04 18:57:10.000,2108,2026-02-04 18:57:12.899,2026-02-04 18:57:08.812,-4087.010,59.99306869506836,0
2026-02-04 18:57:00.000,2026-02-04 18:57:10.000,2108,2026-02-04 18:57:12.916,2026-02-04 18:57:08.829,-4087.148,59.99244689941406,0
2026-02-04 18:57:00.000,2026-02-04 18:57:10.000,2108,2026-02-04 18:57:12.933,2026-02-04 18:57:08.869,-4063.728,59.989707946777344,0
2026-02-04 18:57:00.000,2026-02-04 18:57:10.000,2108,2026-02-04 18:57:12.950,2026-02-04 18:57:08.870,-4079.395,59.990474700927734,0
2026-02-04 18:57:00.000,2026-02-04 18:57:10.000,2108,2026-02-04 18:57:12.966,2026-02-04 18:57:08.883,-4083.550,59.993263244628906,0
2026-02-04 18:57:00.000,2026-02-04 18:57:10.000,2108,2026-02-04 18:57:12.983,2026-02-04 18:57:08.903,-4080.193,59.995880126953125,0
2026-02-04 18:57:00.000,2026-02-04 18:57:10.000,2108,2026-02-04 18:57:13.000,2026-02-04 18:57:08.916,-4083.939,59.993473052978516,0
2026-02-04 18:57:00.000,2026-02-04 18:57:10.000,2108,2026-02-04 18:57:13.016,2026-02-04 18:57:08.936,-4080.578,59.98707580566406,0
2026-02-04 18:57:00.000,2026-02-04 18:57:10.000,2108,2026-02-04 18:57:13.033,2026-02-04 18:57:08.946,-4087.112,59.98860549926758,0
2026-02-04 18:57:00.000,2026-02-04 18:57:10.000,2108,2026-02-04 18:57:13.050,2026-02-04 18:57:08.962,-4087.755,59.994754791259766,0
2026-02-04 18:57:00.000,2026-02-04 18:57:10.000,2108,2026-02-04 18:57:13.066,2026-02-04 18:57:08.980,-4086.609,59.9947624206543,0
2026-02-04 18:57:00.000,2026-02-04 18:57:10.000,2108,2026-02-04 18:57:13.083,2026-02-04 18:57:08.998,-4084.389,59.99335861206055,0
2026-02-04 18:57:00.000,2026-02-04 18:57:10.000,2108,2026-02-04 18:57:13.100,2026-02-04 18:57:09.018,-4081.457,59.99241638183594,0
2026-02-04 18:57:00.000,2026-02-04 18:57:10.000,2108,2026-02-04 18:57:13.116,2026-02-04 18:57:09.029,-4087.029,59.99213790893555,0
2026-02-04 18:57:00.000,2026-02-04 18:57:10.000,2108,2026-02-04 18:57:13.133,2026-02-04 18:57:09.046,-4086.655,59.99406433105469,0
2026-02-04 18:57:00.000,2026-02-04 18:57:10.000,2108,2026-02-04 18:57:13.150,2026-02-04 18:57:09.064,-4085.780,59.99333572387695,0
2026-02-04 18:57:00.000,2026-02-04 18:57:10.000,2108,2026-02-04 18:57:13.166,2026-02-04 18:57:09.084,-4081.961,59.98868942260742,0
2026-02-04 18:57:00.000,2026-02-04 18:57:10.000,2108,2026-02-04 18:57:13.183,2026-02-04 18:57:09.097,-4085.994,59.98810958862305,0
2026-02-04 18:57:00.000,2026-02-04 18:57:10.000,2108,2026-02-04 18:57:13.200,2026-02-04 18:57:09.112,-4087.012,59.99294662475586,0
2026-02-04 18:57:00.000,2026-02-04 18:57:10.000,2108,2026-02-04 18:57:13.216,2026-02-04 18:57:09.132,-4084.539,59.99403381347656,0
2026-02-04 18:57:00.000,2026-02-04 18:57:10.000,2108,2026-02-04 18:57:13.233,2026-02-04 18:57:09.146,-4086.432,59.9921989440918,0
2026-02-04 18:57:00.000,2026-02-04 18:57:10.000,2108,2026-02-04 18:57:13.250,2026-02-04 18:57:09.162,-4087.406,59.9915657043457,0
2026-02-04 18:57:00.000,2026-02-04 18:57:10.000,2108,2026-02-04 18:57:13.266,2026-02-04 18:57:09.182,-4084.037,59.99227523803711,0
2026-02-04 18:57:00.000,2026-02-04 18:57:10.000,2108,2026-02-04 18:57:13.283,2026-02-04 18:57:09.196,-4087.157,59.992431640625,0
2026-02-04 18:57:00.000,2026-02-04 18:57:10.000,2108,2026-02-04 18:57:13.299,2026-02-04 18:57:09.212,-4087.620,59.98859405517578,0
2026-02-04 18:57:00.000,2026-02-04 18:57:10.000,2108,2026-02-04 18:57:13.316,2026-02-04 18:57:09.229,-4087.664,59.987701416015625,0
2026-02-04 18:57:00.000,2026-02-04 18:57:10.000,2108,2026-02-04 18:57:13.333,2026-02-04 18:57:09.246,-4087.314,59.989234924316406,0
2026-02-04 18:57:00.000,2026-02-04 18:57:10.000,2108,2026-02-04 18:57:13.350,2026-02-04 18:57:09.262,-4087.184,59.98926544189453,0
2026-02-04 18:57:00.000,2026-02-04 18:57:10.000,2108,2026-02-04 18:57:13.366,2026-02-04 18:57:09.278,-4087.833,59.99338150024414,0
2026-02-04 18:57:00.000,2026-02-04 18:57:10.000,2108,2026-02-04 18:57:13.383,2026-02-04 18:57:09.296,-4087.223,59.994285583496094,0
2026-02-04 18:57:00.000,2026-02-04 18:57:10.000,2108,2026-02-04 18:57:13.400,2026-02-04 18:57:09.313,-4086.867,59.9891471862793,0
2026-02-04 18:57:00.000,2026-02-04 18:57:10.000,2108,2026-02-04 18:57:13.416,2026-02-04 18:57:09.328,-4087.771,59.98881912231445,0
2026-02-04 18:57:00.000,2026-02-04 18:57:10.000,2108,2026-02-04 18:57:13.433,2026-02-04 18:57:09.345,-4087.375,59.99382781982422,0
2026-02-04 18:57:00.000,2026-02-04 18:57:10.000,2108,2026-02-04 18:57:13.450,2026-02-04 18:57:09.362,-4087.293,59.9939079284668,0
2026-02-04 18:57:00.000,2026-02-04 18:57:10.000,2108,2026-02-04 18:57:13.466,2026-02-04 18:57:09.378,-4087.929,59.986019134521484,0
2026-02-04 18:57:00.000,2026-02-04 18:57:10.000,2108,2026-02-04 18:57:13.483,2026-02-04 18:57:09.395,-4087.993,59.98358917236328,0
2026-02-04 18:57:00.000,2026-02-04 18:57:10.000,2108,2026-02-04 18:57:13.500,2026-02-04 18:57:09.412,-4087.157,59.99205780029297,0
2026-02-04 18:57:00.000,2026-02-04 18:57:10.000,2108,2026-02-04 18:57:13.516,2026-02-04 18:57:09.438,-4077.777,59.99726104736328,0
2026-02-04 18:57:00.000,2026-02-04 18:57:10.000,2108,2026-02-04 18:57:13.533,2026-02-04 18:57:09.446,-4086.387,59.995643615722656,0
2026-02-04 18:57:00.000,2026-02-04 18:57:10.000,2108,2026-02-04 18:57:13.550,2026-02-04 18:57:09.462,-4087.008,59.991416931152344,0
2026-02-04 18:57:00.000,2026-02-04 18:57:10.000,2108,2026-02-04 18:57:13.566,2026-02-04 18:57:09.480,-4086.651,59.986873626708984,0
2026-02-04 18:57:00.000,2026-02-04 18:57:10.000,2108,2026-02-04 18:57:13.583,2026-02-04 18:57:09.495,-4087.410,59.98883819580078,0
2026-02-04 18:57:00.000,2026-02-04 18:57:10.000,2108,2026-02-04 18:57:13.600,2026-02-04 18:57:09.512,-4087.544,59.99174880981445,0
2026-02-04 18:57:00.000,2026-02-04 18:57:10.000,2108,2026-02-04 18:57:13.616,2026-02-04 18:57:09.528,-4087.674,59.99054718017578,0
2026-02-04 18:57:00.000,2026-02-04 18:57:10.000,2108,2026-02-04 18:57:13.633,2026-02-04 18:57:09.546,-4087.175,59.98876190185547,0
2026-02-04 18:57:00.000,2026-02-04 18:57:10.000,2108,2026-02-04 18:57:13.650,2026-02-04 18:57:09.564,-4085.888,59.9862060546875,0
2026-02-04 18:57:00.000,2026-02-04 18:57:10.000,2108,2026-02-04 18:57:13.666,2026-02-04 18:57:09.580,-4086.563,59.9862174987793,0
2026-02-04 18:57:00.000,2026-02-04 18:57:10.000,2108,2026-02-04 18:57:13.683,2026-02-04 18:57:09.595,-4087.635,59.99177551269531,0
2026-02-04 18:57:00.000,2026-02-04 18:57:10.000,2108,2026-02-04 18:57:13.699,2026-02-04 18:57:09.612,-4087.672,59.99224853515625,0
2026-02-04 18:57:00.000,2026-02-04 18:57:10.000,2108,2026-02-04 18:57:13.716,2026-02-04 18:57:09.628,-4087.813,59.9862060546875,0
2026-02-04 18:57:00.000,2026-02-04 18:57:10.000,2108,2026-02-04 18:57:13.733,2026-02-04 18:57:09.646,-4086.883,59.98741912841797,0
2026-02-04 18:57:00.000,2026-02-04 18:57:10.000,2108,2026-02-04 18:57:13.750,2026-02-04 18:57:09.664,-4085.005,59.99287033081055,0
2026-02-04 18:57:00.000,2026-02-04 18:57:10.000,2108,2026-02-04 18:57:13.766,2026-02-04 18:57:09.679,-4087.168,59.99288558959961,0
2026-02-04 18:57:00.000,2026-02-04 18:57:10.000,2108,2026-02-04 18:57:13.783,2026-02-04 18:57:09.696,-4087.193,59.988006591796875,0
2026-02-04 18:57:00.000,2026-02-04 18:57:10.000,2108,2026-02-04 18:57:13.800,2026-02-04 18:57:09.712,-4087.549,59.984371185302734,0
2026-02-04 18:57:00.000,2026-02-04 18:57:10.000,2108,2026-02-04 18:57:13.816,2026-02-04 18:57:09.729,-4087.281,59.985870361328125,0
2026-02-04 18:57:00.000,2026-02-04 18:57:10.000,2108,2026-02-04 18:57:13.833,2026-02-04 18:57:09.746,-4087.268,59.99013137817383,0
2026-02-04 18:57:00.000,2026-02-04 18:57:10.000,2108,2026-02-04 18:57:13.850,2026-02-04 18:57:09.762,-4087.393,59.99311065673828,0
2026-02-04 18:57:00.000,2026-02-04 18:57:10.000,2108,2026-02-04 18:57:13.866,2026-02-04 18:57:09.779,-4087.348,59.99147033691406,0
2026-02-04 18:57:00.000,2026-02-04 18:57:10.000,2108,2026-02-04 18:57:13.883,2026-02-04 18:57:09.796,-4087.006,59.98910903930664,0
2026-02-04 18:57:00.000,2026-02-04 18:57:10.000,2108,2026-02-04 18:57:13.900,2026-02-04 18:57:09.812,-4087.627,59.99082946777344,0
2026-02-04 18:57:00.000,2026-02-04 18:57:10.000,2108,2026-02-04 18:57:13.916,2026-02-04 18:57:09.829,-4087.268,59.990379333496094,0
2026-02-04 18:57:00.000,2026-02-04 18:57:10.000,2108,2026-02-04 18:57:13.933,2026-02-04 18:57:09.845,-4087.349,59.98672103881836,0
2026-02-04 18:57:00.000,2026-02-04 18:57:10.000,2108,2026-02-04 18:57:13.950,2026-02-04 18:57:09.863,-4086.961,59.984893798828125,0
2026-02-04 18:57:00.000,2026-02-04 18:57:10.000,2108,2026-02-04 18:57:13.966,2026-02-04 18:57:09.878,-4087.705,59.9859619140625,0
2026-02-04 18:57:00.000,2026-02-04 18:57:10.000,2108,2026-02-04 18:57:13.983,2026-02-04 18:57:09.895,-4087.454,59.98887634277344,0
2026-02-04 18:57:00.000,2026-02-04 18:57:10.000,2108,2026-02-04 18:57:14.000,2026-02-04 18:57:09.912,-4087.046,59.991615295410156,0
2026-02-04 18:57:00.000,2026-02-04 18:57:10.000,2108,2026-02-04 18:57:14.016,2026-02-04 18:57:09.929,-4086.683,59.991119384765625,0
2026-02-04 18:57:00.000,2026-02-04 18:57:10.000,2108,2026-02-04 18:57:14.033,2026-02-04 18:57:09.946,-4087.226,59.990150451660156,0
2026-02-04 18:57:00.000,2026-02-04 18:57:10.000,2108,2026-02-04 18:57:14.050,2026-02-04 18:57:09.962,-4087.048,59.989131927490234,0
2026-02-04 18:57:00.000,2026-02-04 18:57:10.000,2108,2026-02-04 18:57:14.066,2026-02-04 18:57:09.979,-4087.218,59.98746871948242,0
2026-02-04 18:57:00.000,2026-02-04 18:57:10.000,2108,2026-02-04 18:57:14.083,2026-02-04 18:57:09.999,-4083.849,59.98630142211914,0
